GEOID,2024 Median Household Income
210039204.0,56252
210039205.0,52888
210039206.0,76243
210350101.0,53930
210350102.0,64870
210350103.01,19602
210350103.03,23951
210350103.04,52307
210350104.0,35401
210350105.0,40604
210350106.01,55617
210350106.02,96315
210350107.0,60134
210350108.0,43822
210472013.01,97269
210472013.03,59105
210472013.04,51183
210472014.0,101149
210472015.01,53711
210472015.02,52437
210472015.03,42559
210479801.0,0
210539702.02,38915
210539702.03,41843
210539702.04,38013
210579502.0,43358
210759601.0,36737
210830202.0,59484
210830203.01,37134
210830204.0,64259
210830205.0,56747
210830209.0,58598
211059701.0,55149
211419606.0,57350
211719302.0,39946
211719303.0,52742
211719304.0,45444
212139701.0,66726
212139704.01,68163
212139704.02,40164
212199503.0,48166
212199504.0,88529
212219703.02,57253
212219801.0,0
212219802.0,0
212319204.02,35837
212319207.01,47476
470039501.0,82864
470039502.01,86805
470039502.02,66508
470039503.0,65487
470039504.01,78960
470039504.02,53429
470039505.0,56632
470039506.0,60180
470039507.0,79705
470039508.0,82606
470059630.0,53840
470059631.0,54789
470059632.0,44389
470059633.0,49953
470059634.0,45308
470079530.0,41317
470079531.01,92584
470079531.02,47707
470079532.0,62177
470110107.0,42358
470110110.0,59915
470110113.01,74829
470110113.02,74911
470110114.02,58924
470110114.03,80042
470110114.04,94652
470110115.01,75219
470110115.02,84699
470159601.0,68892
470159602.01,51467
470159602.02,66063
470159603.0,65789
470179620.0,45024
470179621.01,50632
470179621.02,47450
470179622.01,38364
470179622.02,76401
470179623.0,57262
470179624.0,55679
470179625.0,49820
470179801.0,0
470210701.02,85916
470210701.03,77919
470210701.04,70025
470210702.01,100613
470210702.02,76251
470210702.03,80120
470210703.0,74494
470210704.01,88498
470210704.02,100345
470239701.01,80464
470239701.02,60514
470239702.0,54081
470239703.01,59735
470239703.02,56518
470279550.0,35917
470279551.0,45919
470319701.0,56839
470319702.01,53082
470319702.02,56614
470319703.0,70810
470319704.01,78605
470319704.02,63921
470319705.01,55889
470319705.02,67348
470319706.0,56467
470319707.0,58127
470319708.01,61817
470319708.03,71607
470319708.04,82536
470319709.0,33839
470319710.01,68105
470319710.02,55054
470319801.0,0
470339610.0,75803
470359701.01,70129
470359701.03,69351
470359701.04,62832
470359702.01,63395
470359702.02,79471
470359703.01,60570
470359703.02,53903
470359704.01,40610
470359704.02,62236
470359705.01,55831
470359705.02,40811
470359706.01,76453
470359706.02,55984
470359706.03,57671
470359707.01,60956
470359707.02,55942
470359708.0,60613
470370101.03,81130
470370101.04,102011
470370101.05,72207
470370101.06,83463
470370102.01,75709
470370102.02,98317
470370103.01,62991
470370103.02,60550
470370103.03,54618
470370104.01,51350
470370104.03,35988
470370104.04,62670
470370105.01,61208
470370105.02,76835
470370106.01,76574
470370106.02,58927
470370107.01,58799
470370107.02,39276
470370108.01,62452
470370108.02,56922
470370109.01,68550
470370109.03,53432
470370109.04,39175
470370110.01,55504
470370110.02,63557
470370111.0,95036
470370112.0,89590
470370113.0,69979
470370114.0,88398
470370115.0,70996
470370116.0,93561
470370117.0,90197
470370118.0,77244
470370119.0,61552
470370121.0,160921
470370122.0,134507
470370126.0,72881
470370127.01,45321
470370127.02,59767
470370128.01,43811
470370128.02,61563
470370130.01,118010
470370130.02,0
470370131.0,98003
470370132.01,61116
470370132.02,82863
470370133.0,91913
470370134.0,105484
470370135.0,102299
470370136.0,36864
470370137.01,55363
470370137.02,57979
470370138.0,50175
470370139.0,47645
470370142.0,27134
470370143.0,48121
470370144.0,55376
470370148.0,16059
470370151.0,70947
470370152.0,64414
470370153.0,84384
470370154.01,88845
470370154.02,78100
470370154.04,57441
470370154.05,72742
470370155.01,63912
470370155.02,55720
470370156.09,71777
470370156.13,47685
470370156.14,65645
470370156.15,55065
470370156.17,82108
470370156.18,68250
470370156.19,91160
470370156.2,62093
470370156.22,108756
470370156.23,57601
470370156.24,70966
470370156.25,67637
470370156.26,60629
470370156.27,66774
470370156.28,53973
470370156.29,55415
470370156.3,62274
470370156.32,59462
470370156.33,122598
470370156.34,78878
470370156.35,110398
470370156.36,78058
470370156.37,64146
470370157.0,78445
470370158.04,52215
470370158.05,46576
470370158.06,45335
470370159.0,25214
470370160.0,27552
470370161.0,65770
470370162.0,34278
470370163.0,105321
470370164.0,59407
470370165.0,59685
470370166.0,60717
470370167.0,133034
470370168.0,111632
470370169.0,152691
470370170.0,147425
470370171.0,100234
470370172.0,75105
470370173.0,53798
470370174.01,58512
470370174.02,61995
470370175.0,57815
470370177.01,197087
470370177.02,168723
470370178.0,118755
470370179.01,152129
470370179.02,154993
470370180.0,153932
470370181.01,52291
470370181.02,128450
470370182.01,176489
470370182.03,200001
470370182.04,46742
470370182.05,91752
470370183.02,122216
470370183.03,70398
470370183.04,133048
470370184.04,77176
470370184.05,130319
470370184.07,145019
470370184.08,145322
470370184.09,75812
470370184.1,62468
470370184.11,75000
470370184.12,94335
470370185.0,200001
470370186.01,200001
470370186.02,200001
470370187.0,200001
470370188.01,116168
470370188.03,93159
470370188.04,136600
470370189.01,56118
470370189.02,87419
470370189.04,67706
470370189.05,64021
470370190.03,47651
470370190.04,50101
470370190.07,56513
470370190.08,54528
470370191.05,60195
470370191.06,73565
470370191.08,44160
470370191.09,76452
470370191.1,62826
470370191.11,57516
470370191.12,84650
470370191.15,157324
470370191.16,92888
470370191.17,111970
470370191.18,58430
470370191.19,110180
470370191.2,78933
470370191.21,116645
470370192.0,81546
470370193.0,20392
470370194.01,69537
470370194.02,108878
470370195.01,69051
470370195.02,86423
470370195.03,100685
470370196.0,58245
470379801.0,0
470379802.0,0
470399550.01,53414
470399550.03,50693
470399550.04,36404
470399551.01,48327
470399551.02,54615
470419201.01,69724
470419201.02,56248
470419202.01,34646
470419202.02,54508
470419203.0,58582
470430601.0,66427
470430602.01,77944
470430602.02,85814
470430603.0,74856
470430604.01,98986
470430604.02,99370
470430605.01,74745
470430605.02,71457
470430606.01,62893
470430606.02,60471
470430607.0,66813
470499650.0,50462
470499651.0,29250
470499652.01,44570
470499652.02,68982
470499653.0,50119
470519601.0,49666
470519602.01,73354
470519602.02,62274
470519603.0,74621
470519604.01,50811
470519604.02,65679
470519605.0,55331
470519606.0,54935
470519607.0,68546
470519608.0,63696
470539662.0,57953
470539663.0,67440
470539664.0,56687
470539665.01,73454
470539665.02,54871
470539666.0,59314
470539667.01,51395
470539667.02,45761
470539669.0,39189
470539670.01,45035
470539670.02,38057
470539671.0,103179
470539674.0,61267
470539801.0,0
470559201.0,65438
470559202.0,56363
470559203.01,49669
470559203.02,59674
470559204.0,54518
470559205.0,58459
470559206.0,70710
470559207.0,58156
470559208.0,53056
470619550.0,42911
470619551.0,48161
470619552.0,45300
470619553.0,52488
470650101.01,94064
470650101.03,90586
470650101.04,83968
470650102.01,110400
470650102.02,75177
470650103.03,82404
470650103.04,104661
470650103.05,103113
470650103.06,82341
470650103.08,66082
470650103.09,48430
470650104.11,108898
470650104.12,82126
470650104.13,110844
470650104.31,79313
470650104.32,98177
470650104.33,79293
470650104.34,118809
470650104.35,58497
470650105.01,79965
470650105.02,101961
470650106.0,64294
470650107.0,71881
470650108.0,54693
470650109.02,75341
470650109.04,61976
470650109.05,64167
470650110.01,88415
470650110.03,154378
470650110.04,157338
470650111.0,141599
470650112.05,123976
470650112.06,71574
470650114.02,59489
470650114.11,65922
470650114.13,84369
470650114.47,107771
470650121.0,84781
470659802.0,0
470699501.0,50325
470699504.0,38869
470699505.0,48217
470719201.0,63761
470719202.0,44316
470719203.0,47881
470719204.01,44656
470719204.02,43593
470719205.01,54160
470719205.02,39022
470719206.0,44015
470779750.0,70310
470779751.0,47198
470779752.0,49404
470779753.01,57631
470779753.02,57321
470779754.0,33525
470779755.0,43798
470799690.01,53205
470799690.02,61653
470799691.0,57804
470799692.0,57777
470799693.0,45318
470799694.0,35566
470799695.01,51136
470799695.02,43902
470799696.01,52229
470799696.02,64970
470799697.0,51571
470799698.0,48367
470819501.0,75927
470819502.01,48405
470819502.02,59414
470819503.01,54061
470819503.02,54811
470819504.0,57094
470819505.0,53505
470831201.0,67057
470831202.0,57915
470831203.0,49099
470851301.0,67911
470851302.0,49438
470851303.0,49382
470851304.0,62127
470851305.0,74297
470879601.0,43040
470879602.0,44775
470879603.0,51708
470879604.0,25321
470999601.0,64281
470999602.0,51228
470999603.0,60081
470999604.01,50380
470999604.02,75510
470999605.01,35391
470999605.02,52705
470999606.0,51020
470999607.0,64027
470999608.0,69265
470999609.0,57472
471019701.0,48156
471019702.0,43645
471039750.0,71454
471039751.0,69001
471039752.0,74076
471039753.0,49355
471039754.0,51951
471039755.0,74473
471039757.0,76482
471099301.0,46696
471099302.0,57424
471099303.0,46257
471099304.0,44518
471099305.01,40523
471099305.02,43484
471099306.0,54646
471099307.0,53649
471119701.0,43213
471119702.0,78611
471119703.01,35000
471119703.02,47801
471119704.0,62259
471130001.0,44822
471130002.0,50786
471130003.0,58587
471130004.0,39637
471130005.0,25474
471130006.0,52561
471130007.0,34521
471130008.0,20300
471130009.0,26057
471130010.0,36569
471130011.0,17402
471130013.0,49643
471130014.01,58937
471130014.02,77472
471130015.01,75329
471130015.02,86075
471130016.03,77211
471130016.04,90365
471130016.05,65100
471130016.07,86492
471130016.08,96954
471130016.09,100177
471130016.1,135127
471130016.11,77477
471130016.12,56123
471130017.0,69159
471130018.0,64224
471130019.0,77868
471150501.01,67577
471150501.02,69909
471150502.01,58366
471150502.03,69208
471150502.04,63774
471150503.02,69999
471179550.0,82563
471179551.0,67266
471179552.0,68611
471179553.0,44003
471179554.0,77681
471179555.0,77940
471190101.0,66840
471190102.01,103998
471190102.03,106209
471190102.04,87570
471190102.05,114719
471190103.01,83862
471190103.02,84232
471190104.01,64353
471190104.02,57583
471190105.0,43529
471190106.0,52898
471190107.0,49746
471190108.01,81386
471190108.02,65709
471190109.0,64829
471190110.01,74477
471190110.03,104333
471190110.04,52416
471190111.01,93415
471190111.02,71259
471190112.0,68267
471219602.0,51004
471219603.0,62432
471251001.0,15074
471251002.0,38225
471251003.0,66006
471251005.0,44436
471251006.01,75888
471251006.02,50522
471251008.0,34565
471251009.0,37888
471251010.01,51611
471251010.02,67810
471251011.01,64055
471251011.02,58106
471251011.03,63224
471251012.01,46526
471251012.02,66665
471251013.04,53589
471251013.05,83051
471251013.06,56511
471251013.07,64833
471251013.08,56824
471251013.09,81046
471251014.0,62416
471251015.01,63502
471251015.02,83962
471251016.0,75184
471251017.01,78120
471251017.02,78328
471251018.03,103747
471251018.05,102553
471251018.06,93224
471251018.07,119103
471251018.08,110301
471251019.02,113362
471251019.04,117191
471251019.05,85073
471251019.06,69918
471251020.01,64869
471251020.03,67811
471251020.04,79516
471251020.05,63112
471251020.07,73563
471251020.08,77953
471251020.09,89333
471251020.1,75342
471251021.0,44489
471259801.0,79776
471279301.0,79656
471279302.0,69472
471291101.0,53689
471291102.0,53257
471319650.0,58166
471339501.0,60484
471339502.0,53105
471339503.01,38946
471339503.02,46354
471339504.0,58730
471339505.01,64119
471339505.02,70979
471339506.0,52366
471359301.0,48694
471359302.01,52646
471359302.02,73563
471379251.01,54076
471379251.02,27376
471410001.0,50139
471410002.01,49570
471410002.02,43416
471410003.01,63433
471410003.03,49602
471410003.04,25373
471410003.05,48448
471410004.0,61682
471410005.0,54702
471410006.0,65381
471410007.0,41760
471410008.0,34183
471410009.0,64982
471410010.0,65350
471410011.0,60899
471410012.01,66485
471410012.02,70781
471410013.0,67439
471439750.0,60168
471439751.0,62159
471439752.0,70229
471439753.0,58785
471439754.01,53678
471439754.02,70931
471470801.01,96044
471470801.03,81399
471470801.04,87026
471470802.0,84029
471470803.01,66443
471470803.02,56681
471470804.01,60720
471470804.02,68833
471470805.0,83753
471470806.03,91892
471470806.04,100234
471470806.05,88061
471470806.06,87921
471470807.01,101790
471470807.02,107553
471490401.01,79461
471490401.02,79688
471490401.04,59323
471490401.05,79614
471490401.06,69756
471490401.07,78424
471490402.0,80866
471490403.03,64292
471490403.04,57567
471490403.05,29222
471490403.07,110156
471490403.08,74697
471490403.09,86296
471490403.1,74176
471490403.11,89746
471490403.12,85119
471490404.04,78328
471490404.05,59030
471490405.01,98656
471490405.02,88979
471490406.0,80322
471490407.02,98425
471490407.03,100546
471490407.04,95793
471490408.06,105306
471490408.07,99691
471490408.08,122148
471490408.09,81598
471490408.1,95845
471490408.11,131368
471490408.12,79058
471490409.01,63454
471490409.04,94147
471490409.06,84245
471490409.07,86539
471490409.08,76368
471490409.09,81828
471490409.1,66556
471490409.11,113820
471490410.0,109158
471490411.02,77010
471490411.03,106264
471490411.04,104424
471490412.01,104606
471490412.02,103472
471490413.01,142566
471490413.02,89362
471490414.01,90765
471490414.04,51478
471490414.05,52494
471490414.06,61132
471490414.07,74954
471490415.0,29655
471490416.01,56656
471490416.02,44258
471490417.0,56990
471490418.0,56062
471490419.0,52808
471490420.0,65315
471490421.01,48015
471490421.02,43865
471490422.0,76776
471490423.01,77058
471490423.02,100458
471530601.02,64650
471530601.03,51071
471530601.04,56213
471530602.0,75870
471599750.0,65771
471599751.0,54772
471599752.0,55496
471599753.0,63156
471599754.0,61686
471611102.01,68335
471611102.02,68121
471611106.0,67127
471611107.0,60119
471619801.0,0
471619802.0,0
471650201.01,75824
471650201.02,64829
471650202.03,91231
471650202.04,106402
471650202.05,78913
471650202.06,78846
471650202.07,61759
471650202.08,80761
471650202.09,83227
471650203.0,47527
471650204.03,103871
471650204.04,87694
471650204.05,80460
471650204.06,116182
471650204.07,101629
471650205.01,98708
471650205.02,138214
471650205.03,82818
471650206.01,104484
471650206.02,99390
471650206.03,99488
471650207.0,52093
471650208.0,38037
471650209.01,83020
471650209.03,84193
471650209.04,72727
471650209.05,78455
471650210.02,114562
471650210.04,78688
471650210.05,105551
471650210.06,129208
471650210.07,146738
471650210.08,146902
471650210.09,81945
471650211.03,94731
471650211.04,80914
471650211.05,77830
471650211.06,77423
471650211.07,80888
471650212.01,137924
471650212.03,122377
471650212.04,107568
471650212.05,121055
471690901.0,68596
471690902.0,55439
471759250.0,46378
471759252.0,50107
471779301.0,53354
471779302.01,73923
471779302.02,61722
471779303.0,60874
471779304.0,48252
471779305.0,41973
471779306.0,50072
471779307.0,57693
471779308.0,68032
471779309.0,58918
471819501.0,47541
471819502.0,55096
471819503.0,43352
471819504.0,46992
471839680.0,56233
471839681.01,52556
471839681.02,65165
471839682.01,56540
471839682.02,11953
471839682.03,41708
471839683.0,53598
471839684.0,53020
471839685.0,54519
471839686.0,47488
471839687.0,57934
471859350.0,51652
471859351.0,58234
471859352.0,45969
471859353.0,55154
471859354.0,36019
471859355.0,46735
471870501.02,153707
471870501.03,127417
471870501.04,183814
471870501.05,186364
471870502.04,169586
471870502.05,140619
471870502.06,193566
471870502.07,200001
471870502.09,200001
471870502.1,200001
471870502.11,101612
471870502.12,200001
471870503.03,200001
471870503.04,128765
471870503.05,200001
471870503.06,150723
471870503.07,81708
471870504.03,148234
471870504.04,200001
471870504.05,200001
471870504.06,160519
471870505.02,98267
471870505.03,92684
471870505.04,83440
471870506.01,108770
471870506.03,108510
471870506.04,143471
471870507.01,108247
471870507.02,150000
471870508.01,61814
471870508.02,107948
471870509.04,101579
471870509.05,109092
471870509.06,146862
471870509.07,107299
471870509.08,166215
471870509.09,180715
471870510.01,163809
471870510.02,153869
471870511.0,150699
471870512.03,119587
471870512.04,150385
471870512.05,131826
471870512.06,94041
471870512.07,112685
471870512.08,118189
471890301.02,100683
471890301.03,105767
471890301.04,116882
471890301.05,90692
471890302.02,84921
471890302.03,122017
471890302.05,98998
471890302.06,122710
471890302.07,103104
471890303.03,116798
471890303.04,101102
471890303.05,97777
471890303.08,113850
471890303.09,102679
471890303.1,115155
471890303.11,77803
471890304.01,61098
471890304.02,57528
471890305.0,63403
471890306.0,66324
471890307.0,46126
471890308.0,71377
471890309.04,90296
471890309.05,110606
471890309.06,109656
471890309.07,88317
471890309.08,107106
471890310.0,77129
