Census Tract,2024 Population Age 60-64
010090501.04,169
010090501.05,326
010090502.00,260
010090503.01,193
010090503.02,168
010090504.00,333
010090505.01,263
010090505.02,232
010090506.04,349
010150023.00,255
010199557.01,281
010199557.02,311
010199558.01,183
010199558.02,225
010199559.00,287
010199560.00,326
010199561.01,162
010199561.02,214
010330201.00,278
010330202.00,108
010330203.00,178
010330204.00,137
010330205.00,345
010330206.00,324
010330207.03,426
010330207.04,291
010330207.05,134
010330207.06,413
010330208.01,365
010330208.02,260
010330209.01,338
010330209.02,326
010330210.00,296
010439641.00,463
010439642.01,249
010439642.02,298
010439643.00,407
010439644.00,324
010439645.00,359
010439646.00,285
010439647.00,325
010439648.00,279
010439649.01,218
010439649.02,274
010439650.01,152
010439650.02,243
010439651.00,306
010439652.00,202
010439653.00,342
010439654.01,194
010439654.02,334
010439655.01,110
010439655.02,381
010439656.00,251
010439657.00,261
010499601.01,145
010499601.02,268
010499602.00,262
010499603.01,53
010499603.02,113
010499603.03,303
010499604.01,109
010499604.02,376
010499605.00,349
010499606.01,110
010499606.02,336
010499607.01,135
010499607.02,92
010499607.03,227
010499608.00,267
010499609.00,278
010499610.00,267
010499611.00,158
010499612.00,182
010499613.00,324
010499614.00,324
010550002.00,206
010550003.00,157
010550004.00,263
010550005.00,132
010550006.00,121
010550007.00,61
010550008.00,62
010550009.00,172
010550010.00,70
010550011.00,373
010550012.00,200
010550013.00,124
010550016.00,219
010550017.00,130
010550101.00,152
010550102.01,164
010550102.02,144
010550103.00,222
010550104.01,181
010550104.02,426
010550105.05,206
010550105.06,191
010550106.01,365
010550106.02,302
010550107.00,274
010550108.00,208
010550109.00,106
010550110.01,325
010550110.02,350
010550111.00,378
010550112.00,156
010599729.00,249
010599730.00,247
010599731.00,166
010599732.00,226
010599733.00,162
010599734.00,183
010599735.00,167
010599736.00,124
010599737.01,118
010599737.02,77
010599737.03,207
010719501.01,233
010719501.02,264
010719502.00,255
010719503.01,184
010719503.02,181
010719504.00,177
010719505.00,261
010719506.01,244
010719506.02,140
010719507.00,346
010719508.00,268
010719509.01,144
010719509.02,352
010719510.00,316
010719511.01,309
010719511.02,231
010750300.00,331
010770101.00,58
010770102.00,188
010770103.00,79
010770104.00,160
010770106.00,114
010770107.00,98
010770108.00,258
010770109.01,215
010770109.02,192
010770110.00,248
010770111.01,428
010770111.02,272
010770112.00,330
010770113.00,207
010770114.01,243
010770114.02,218
010770115.02,416
010770115.03,238
010770115.04,261
010770116.02,341
010770116.03,338
010770116.05,202
010770116.06,318
010770117.00,374
010770118.01,344
010770118.02,342
010799791.00,163
010799792.01,192
010799792.02,153
010799793.00,316
010799794.00,323
010799795.01,218
010799795.02,234
010799796.00,394
010799797.00,164
010799798.00,246
010799799.00,135
010830201.01,370
010830201.03,199
010830201.04,330
010830202.01,364
010830202.02,399
010830203.00,314
010830204.02,423
010830204.03,263
010830204.04,297
010830205.00,163
010830206.00,249
010830207.00,161
010830208.03,495
010830208.04,521
010830208.05,335
010830208.06,327
010830209.00,274
010830210.00,165
010830211.01,283
010830211.02,364
010830212.01,537
010830212.02,394
010830212.03,296
010890002.03,171
010890003.01,229
010890003.02,227
010890004.03,332
010890005.01,122
010890005.02,146
010890005.03,115
010890006.01,98
010890006.02,149
010890007.01,182
010890007.02,205
010890009.01,389
010890009.02,132
010890010.00,236
010890012.00,159
010890013.01,174
010890013.02,106
010890014.01,198
010890014.03,185
010890014.04,169
010890015.00,206
010890017.00,133
010890018.01,300
010890019.01,282
010890019.02,189
010890019.03,238
010890020.00,140
010890021.00,221
010890022.00,136
010890023.00,284
010890024.00,311
010890025.01,157
010890025.02,138
010890026.00,257
010890027.01,211
010890027.21,315
010890027.22,211
010890028.01,266
010890028.03,360
010890028.04,299
010890029.11,346
010890029.12,190
010890029.22,370
010890029.23,254
010890029.24,248
010890030.00,201
010890031.00,311
010890101.01,481
010890101.02,376
010890102.00,476
010890103.02,336
010890103.03,267
010890103.04,480
010890104.03,213
010890104.04,262
010890104.05,350
010890104.06,256
010890105.02,280
010890105.03,389
010890105.04,612
010890106.12,663
010890106.23,621
010890106.25,216
010890106.26,370
010890106.27,225
010890106.28,280
010890106.29,344
010890106.30,329
010890106.31,428
010890107.03,333
010890107.04,494
010890107.05,219
010890107.06,423
010890108.01,467
010890108.02,424
010890109.02,261
010890109.03,378
010890109.04,279
010890109.05,630
010890110.12,570
010890110.13,359
010890110.21,285
010890110.23,460
010890110.24,374
010890110.25,398
010890110.26,270
010890110.27,175
010890110.28,210
010890111.00,67
010890112.01,613
010890112.02,324
010890112.03,431
010890113.01,303
010890113.02,457
010890114.00,327
010939640.01,225
010939640.02,128
010939641.00,170
010939642.00,104
010939643.00,306
010939644.01,237
010939644.02,137
010939645.00,160
010939646.00,207
010939647.01,178
010939647.02,214
010950301.01,109
010950301.02,113
010950302.03,310
010950302.04,140
010950302.05,97
010950302.06,355
010950303.01,198
010950303.02,364
010950304.01,322
010950304.02,272
010950305.01,194
010950305.02,360
010950306.01,221
010950306.02,302
010950307.01,257
010950307.02,332
010950308.01,269
010950308.03,151
010950308.04,219
010950309.02,244
010950309.03,284
010950309.04,357
010950310.01,218
010950310.02,175
010950311.00,290
010950312.00,344
011030001.00,295
011030002.00,280
011030003.00,193
011030004.00,288
011030006.00,174
011030007.00,225
011030008.00,208
011030009.00,329
011030010.00,203
011030051.01,391
011030051.03,67
011030051.05,178
011030051.06,439
011030051.07,415
011030051.08,300
011030051.09,258
011030052.01,142
011030052.02,333
011030053.02,238
011030053.03,251
011030053.04,403
011030053.05,306
011030053.06,348
011030054.04,406
011030054.05,411
011030055.00,427
011030056.01,258
011030056.02,186
011030057.01,226
011030057.03,238
011030057.04,254
011150404.02,298
011270208.02,268
011270209.00,387
011270210.00,241
011270211.00,216
011339655.01,186
011339655.02,237
011339655.03,220
011339656.01,170
011339656.02,243
011339657.00,344
011339658.00,295
011339659.00,158
050014801.00,92
050014802.00,104
050014803.00,167
050014804.00,176
050014805.00,215
050014806.00,104
050014807.00,205
050014808.00,88
050219501.00,138
050219502.00,163
050219503.00,120
050219504.00,211
050219505.00,109
050219506.00,233
050310001.01,218
050310001.02,199
050310002.00,190
050310003.00,361
050310004.01,343
050310004.03,170
050310004.04,187
050310005.01,535
050310005.02,312
050310006.01,353
050310006.02,117
050310007.01,270
050310007.02,225
050310008.03,257
050310008.04,203
050310008.05,198
050310008.06,253
050310009.00,336
050310010.00,256
050310011.01,288
050310011.02,265
050310012.00,281
050350301.01,111
050350301.02,211
050350302.01,318
050350302.02,235
050350303.01,182
050350303.02,168
050350305.03,102
050350306.01,79
050350306.02,252
050350307.01,81
050350307.02,61
050350307.03,68
050350308.03,120
050350308.04,241
050350308.05,210
050350308.06,269
050350308.07,134
050350310.00,87
050350311.00,143
050350312.00,120
050379501.00,98
050379502.00,212
050379503.00,116
050379504.00,172
050379505.00,305
050379506.00,265
050419501.00,93
050419502.00,272
050419503.00,93
050495501.01,282
050495501.02,177
050554801.00,211
050554802.00,340
050554803.00,250
050554804.01,253
050554804.02,182
050554805.01,186
050554805.02,216
050554806.01,268
050554806.02,294
050554807.00,148
050554808.01,307
050554808.02,293
050634901.02,280
050634903.00,316
050634904.00,304
050634905.00,214
050634907.02,229
050634908.00,356
050674801.00,229
050674802.00,244
050674803.00,304
050674804.01,120
050674804.02,143
050674805.00,135
050690023.00,190
050754701.00,92
050754702.00,341
050754703.00,123
050754704.00,113
050754705.01,189
050754705.02,290
050774701.00,121
050774702.00,106
050774703.00,236
050774704.00,101
050799603.00,186
050799606.00,275
050930101.00,82
050930102.00,320
050930103.00,159
050930106.01,244
050930106.02,82
050930107.00,268
050930108.01,208
050930108.02,200
050930109.00,127
050930110.00,247
050930111.00,212
050930112.00,108
050930113.00,134
050930114.00,157
050959501.00,274
050959502.00,152
050959503.00,156
051074801.00,162
051074802.01,190
051074802.02,144
051074803.00,291
051074804.00,99
051074805.00,123
051074806.00,80
051114901.00,264
051114902.00,127
051114903.00,232
051114904.00,266
051114905.01,155
051114905.02,245
051114906.00,108
051114907.00,180
051174601.00,258
051174602.00,197
051174603.00,144
051219601.00,324
051219602.01,169
051219602.02,316
051219603.01,237
051219603.02,228
051239601.00,161
051239602.01,165
051239602.02,216
051239603.00,165
051239604.00,237
051239605.00,205
051239606.00,414
051354701.00,171
051354702.01,231
051354702.02,251
051354703.00,326
051354704.01,215
051354704.02,222
051450701.00,341
051450706.00,278
051450711.01,224
051474901.00,276
051474902.00,179
130119701.00,320
130119702.00,358
130119703.00,383
130131801.03,401
130131801.04,265
130131801.05,215
130131801.06,201
130131801.07,289
130131801.08,203
130131802.03,194
130131802.04,170
130131802.05,327
130131802.06,189
130131803.01,180
130131803.02,432
130131803.03,428
130131804.01,516
130131804.02,411
130131805.01,398
130131805.02,293
130159601.01,132
130159601.03,253
130159601.04,255
130159601.05,244
130159602.01,219
130159602.02,195
130159602.03,331
130159603.01,260
130159603.02,323
130159604.03,248
130159604.04,331
130159604.05,290
130159604.06,197
130159604.07,133
130159605.01,358
130159605.02,217
130159606.01,428
130159606.02,238
130159607.01,260
130159607.02,250
130159608.01,301
130159608.02,236
130159608.04,300
130159608.05,201
130159609.01,211
130159609.02,532
130159610.01,333
130159610.02,312
130470301.00,532
130470302.01,321
130470302.02,454
130470303.03,235
130470303.04,258
130470303.05,131
130470303.06,362
130470304.02,419
130470304.03,376
130470304.04,196
130470305.01,180
130470305.02,258
130470306.00,318
130470307.01,233
130470307.02,276
130550101.00,193
130550102.01,206
130550102.02,209
130550103.00,228
130550104.01,169
130550104.02,180
130550105.01,80
130550105.02,251
130550106.00,199
130570901.01,292
130570901.02,427
130570901.03,142
130570902.01,175
130570902.02,624
130570903.01,312
130570903.02,210
130570903.03,493
130570904.01,204
130570904.02,612
130570905.03,493
130570905.04,388
130570905.05,331
130570905.06,400
130570905.07,175
130570906.03,358
130570906.04,209
130570906.05,167
130570906.06,275
130570907.03,321
130570907.04,303
130570907.05,207
130570907.06,333
130570907.07,177
130570907.08,258
130570907.09,138
130570907.10,272
130570908.05,378
130570908.06,297
130570908.07,409
130570908.08,532
130570908.09,366
130570908.10,336
130570909.05,336
130570909.06,370
130570909.07,339
130570909.08,279
130570909.09,364
130570909.10,273
130570909.11,341
130570909.12,233
130570910.01,425
130570910.06,402
130570910.07,526
130570910.09,339
130570910.10,271
130570910.11,243
130570910.12,290
130570910.13,362
130570910.14,236
130570911.01,487
130570911.04,385
130570911.05,323
130570911.06,261
130570911.07,227
130570911.08,148
130591305.00,210
130670301.04,258
130670301.07,362
130670301.08,353
130670301.09,272
130670301.10,346
130670301.11,340
130670301.12,175
130670301.13,230
130670302.20,108
130670302.36,384
130670302.40,354
130670302.41,289
130670302.42,333
130670302.43,295
130670302.44,320
130670302.45,237
130670302.46,109
130670302.47,172
130670302.48,226
130670302.49,200
130670302.50,380
130670302.51,249
130670302.52,356
130670302.53,269
130670302.54,113
130670302.55,193
130670302.56,454
130670302.57,204
130670302.58,168
130670302.59,156
130670302.60,156
130670302.61,202
130670302.64,190
130670302.65,224
130670302.66,245
130670302.67,243
130670302.72,162
130670302.73,290
130670302.74,246
130670302.75,95
130670302.76,246
130670302.77,263
130670302.78,188
130670303.19,297
130670303.22,234
130670303.24,216
130670303.26,305
130670303.27,302
130670303.29,291
130670303.31,352
130670303.32,192
130670303.34,195
130670303.35,310
130670303.37,288
130670303.40,262
130670303.41,293
130670303.42,316
130670303.43,308
130670303.46,208
130670303.47,278
130670303.48,344
130670303.49,233
130670303.50,167
130670303.52,374
130670303.57,142
130670303.58,230
130670303.59,274
130670303.60,174
130670303.61,237
130670303.62,209
130670303.63,222
130670303.64,228
130670303.65,217
130670303.66,163
130670303.67,207
130670303.68,182
130670303.69,254
130670303.70,251
130670304.09,217
130670304.10,270
130670305.05,260
130670305.06,256
130670305.07,301
130670305.08,201
130670305.09,227
130670305.10,111
130670305.11,265
130670306.02,509
130670306.03,248
130670306.04,168
130670307.00,272
130830401.02,237
130830401.03,171
130830401.04,158
130830402.00,300
130830403.00,245
130859701.01,261
130859701.02,321
130859701.03,245
130859702.03,434
130859702.04,367
130859702.05,373
130859702.06,442
130890212.13,190
130890212.28,180
130890212.29,152
131110501.00,396
131110502.00,585
131110503.00,236
131110504.00,644
131110505.00,561
131150001.00,323
131150002.02,327
131150002.03,175
131150002.04,244
131150003.00,75
131150004.01,145
131150004.02,106
131150004.03,223
131150005.00,156
131150006.00,301
131150007.00,368
131150008.00,343
131150009.00,111
131150011.00,238
131150012.00,237
131150013.01,142
131150013.02,220
131150014.00,419
131150016.00,184
131150017.03,244
131150017.04,235
131150017.05,311
131150017.06,141
131150018.00,299
131150020.00,402
131150021.00,247
131171301.01,308
131171301.02,223
131171301.03,309
131171301.04,341
131171301.05,166
131171302.01,340
131171302.02,353
131171302.03,455
131171302.04,323
131171302.05,274
131171303.01,481
131171303.02,514
131171303.03,288
131171303.04,437
131171303.05,356
131171303.06,297
131171303.07,411
131171304.06,370
131171304.09,205
131171304.10,451
131171304.11,217
131171304.12,253
131171304.13,175
131171304.14,223
131171304.15,273
131171305.03,219
131171305.04,358
131171305.05,296
131171305.06,300
131171305.07,320
131171305.08,452
131171305.09,305
131171305.11,255
131171305.12,244
131171306.01,270
131171306.02,250
131171306.03,472
131171306.04,266
131171306.05,308
131171306.06,350
131171306.07,277
131171306.08,367
131171306.09,201
131171306.10,385
131171306.11,241
131171306.13,252
131171306.14,188
131171306.15,189
131210101.06,274
131210101.07,163
131210101.08,302
131210101.17,133
131210101.20,89
131210101.24,75
131210101.25,108
131210101.31,88
131210101.34,114
131210101.35,116
131210102.13,43
131210102.14,69
131210102.15,139
131210102.18,73
131210102.19,77
131210114.16,389
131210114.17,279
131210114.19,391
131210114.21,179
131210114.22,208
131210114.23,283
131210114.24,350
131210114.26,189
131210114.28,212
131210114.29,347
131210114.30,152
131210114.31,50
131210114.32,201
131210114.33,250
131210114.34,164
131210114.35,227
131210114.36,245
131210114.37,169
131210114.38,251
131210114.39,269
131210114.40,183
131210114.41,234
131210114.42,135
131210114.43,231
131210114.44,317
131210114.45,241
131210114.46,229
131210115.05,309
131210115.07,331
131210115.08,350
131210115.09,207
131210115.10,332
131210115.11,188
131210115.12,230
131210115.13,198
131210115.14,308
131210115.15,159
131210116.12,252
131210116.18,256
131210116.24,320
131210116.27,311
131210116.28,133
131210116.29,366
131210116.30,247
131210116.31,203
131210116.32,224
131210116.33,284
131210116.34,138
131210116.35,268
131210116.36,48
131210116.37,225
131210116.38,351
131210116.39,154
131210116.40,439
131210116.41,280
131210116.42,238
131210116.43,140
131210116.44,152
131210116.45,196
131210116.46,176
131210116.47,301
131210116.48,211
131210116.49,378
131210116.50,210
131210116.51,102
131210116.52,160
131210116.53,311
131210116.54,182
131210116.55,264
131210116.56,310
131210116.57,176
131210116.58,275
131210116.59,152
131210116.60,248
131210116.61,187
131230801.00,433
131230802.00,548
131230803.01,176
131230803.02,264
131230804.01,247
131230804.02,373
131230804.03,295
131230805.00,361
131299701.01,167
131299701.02,278
131299702.01,219
131299702.02,298
131299703.01,253
131299703.02,243
131299704.00,336
131299705.00,314
131299706.01,208
131299706.02,236
131299707.00,353
131299708.01,263
131299708.02,188
131299709.01,272
131299709.02,224
131350501.05,295
131350501.10,382
131350501.11,162
131350501.12,265
131350501.13,336
131350501.14,235
131350501.15,207
131350501.16,301
131350501.17,276
131350501.18,192
131350501.19,295
131350501.20,122
131350501.21,329
131350502.05,264
131350502.15,184
131350502.18,326
131350502.19,283
131350502.21,263
131350502.22,352
131350502.23,372
131350502.24,263
131350502.25,244
131350502.26,246
131350502.27,148
131350502.28,195
131350502.31,358
131350502.32,236
131350502.33,213
131350502.34,343
131350502.35,418
131350502.36,204
131350502.37,299
131350502.38,328
131350502.39,286
131350502.40,252
131350502.41,323
131350502.42,352
131350502.43,474
131350502.44,239
131350503.08,325
131350503.15,251
131350503.21,342
131350503.22,331
131350503.23,349
131350503.24,262
131350503.25,287
131350503.34,318
131350503.35,208
131350503.36,225
131350505.20,250
131350505.28,406
131350505.29,354
131350505.30,490
131350505.36,350
131350505.49,369
131350505.52,307
131350505.53,296
131350505.60,316
131350505.61,238
131350505.62,205
131350505.63,202
131350505.64,125
131350505.65,323
131350505.66,308
131350505.69,227
131350505.71,235
131350505.72,296
131350505.73,230
131350505.74,290
131350505.75,179
131350505.78,276
131350505.79,296
131350505.82,218
131350505.83,162
131350505.84,353
131350506.11,335
131350506.12,299
131350506.13,227
131350506.14,191
131350506.15,119
131350506.16,210
131350506.17,494
131350506.18,299
131350506.19,458
131350506.20,234
131350506.21,296
131350506.22,209
131350506.23,418
131350506.24,207
131350506.27,338
131350506.28,394
131350506.29,165
131350506.30,228
131350506.31,465
131350506.32,205
131350506.33,201
131350506.34,435
131350506.35,283
131350506.36,266
131370002.01,358
131370002.03,405
131370002.04,131
131370003.00,285
131370004.00,292
131370005.01,139
131370005.02,309
131370006.01,318
131370006.03,280
131370006.04,224
131390001.01,373
131390001.02,295
131390002.03,328
131390002.04,332
131390002.05,189
131390002.06,228
131390003.03,161
131390003.04,370
131390003.05,268
131390003.06,260
131390003.07,292
131390004.01,171
131390004.02,222
131390005.01,269
131390005.02,228
131390006.01,200
131390006.02,262
131390007.02,250
131390007.03,174
131390007.04,199
131390008.00,158
131390009.01,170
131390009.02,118
131390010.04,145
131390010.05,298
131390010.06,234
131390010.07,78
131390010.08,147
131390011.01,150
131390011.02,171
131390012.02,290
131390012.03,82
131390012.04,271
131390013.02,387
131390013.03,230
131390013.04,166
131390014.02,473
131390014.04,392
131390014.05,236
131390014.06,265
131390015.01,509
131390015.02,479
131390016.03,405
131390016.05,402
131390016.06,294
131390016.07,390
131390016.09,351
131390016.10,263
131390016.11,322
131390016.12,122
131570101.04,393
131570101.05,283
131570101.06,437
131570101.07,426
131570101.08,275
131570101.09,252
131570102.00,399
131570103.00,355
131570106.01,359
131570106.02,403
131570107.01,182
131570107.03,223
131570107.04,189
131570107.05,187
131570107.06,177
131879601.03,267
131879601.04,356
131879601.05,224
131879601.06,305
131879602.03,350
131879602.04,141
131879602.05,379
131879602.06,348
132130101.00,286
132130102.01,128
132130102.03,225
132130102.04,330
132130103.00,317
132130104.01,203
132130104.02,190
132130105.00,312
132130106.00,341
132130107.00,372
132190301.03,167
132231201.04,204
132231201.05,439
132231201.06,166
132231201.07,454
132231201.08,516
132231201.09,408
132231201.10,329
132231201.11,414
132231202.03,442
132231203.04,138
132231204.01,335
132270501.01,320
132270501.02,328
132270502.01,280
132270502.02,265
132270503.00,381
132270504.00,323
132270505.00,437
132270506.01,314
132270506.02,205
132330101.00,428
132330102.01,324
132330102.02,241
132330103.00,307
132330104.00,375
132330105.00,398
132330106.00,412
132330107.00,447
132419702.01,284
132419703.03,175
132419703.04,108
132819601.00,374
132819602.00,298
132819603.01,181
132819603.02,275
132910001.01,347
132910001.03,262
132910001.04,264
132910002.01,311
132910002.03,248
132910002.04,368
132910002.06,327
132910002.07,215
132950201.01,315
132950201.02,206
132950202.00,225
132950203.01,333
132950203.02,389
132950204.00,221
132950205.03,289
132950205.04,182
132950205.05,225
132950205.06,291
132950206.01,494
132950206.02,321
132950207.01,169
132950207.02,296
132950208.00,266
132950209.02,187
132950209.03,207
132950209.04,199
133119501.01,127
133119501.02,114
133119502.02,335
133119502.04,270
133119502.05,206
133119502.06,236
133119502.07,314
133119503.01,274
133119503.02,311
133130001.01,337
133130001.03,249
133130001.04,318
133130002.00,307
133130003.01,251
133130003.03,228
133130003.04,261
133130004.01,313
133130004.02,77
133130005.01,207
133130005.02,299
133130006.00,293
133130007.00,343
133130008.01,202
133130008.02,312
133130009.00,250
133130010.00,158
133130011.00,243
133130012.00,377
133130013.00,193
133130014.00,352
133130015.00,431
170039577.00,113
170039578.00,73
170039579.00,67
171279701.00,406
171279702.00,247
171279703.00,255
171279704.00,160
171519713.00,155
171539710.00,205
171539711.00,172
210019702.00,150
210019703.00,227
210019704.01,312
210019704.02,256
210019705.00,198
210019706.00,104
210039201.00,290
210039202.00,204
210039203.00,313
210039204.00,359
210039205.00,102
210039206.00,255
210079501.00,309
210079502.00,107
210079503.00,170
210099501.00,285
210099502.00,284
210099503.00,233
210099504.01,123
210099504.02,271
210099505.00,275
210099506.01,181
210099506.02,249
210099507.01,160
210099507.02,304
210099508.00,262
210099509.00,312
210099510.00,250
210139601.00,142
210139602.00,304
210139603.00,151
210139604.00,92
210139605.00,148
210139606.00,301
210139607.00,183
210139608.00,227
210139611.00,141
210319302.00,136
210319303.01,104
210319303.02,212
210319304.00,118
210319305.00,116
210339201.00,150
210339202.00,367
210339203.01,207
210339203.02,194
210350101.00,360
210350102.00,331
210350103.01,11
210350103.03,101
210350103.04,172
210350104.00,150
210350105.00,195
210350106.01,169
210350106.02,229
210350107.00,256
210350108.00,338
210399601.00,101
210399602.00,121
210399603.00,120
210459505.00,134
210472001.00,232
210472002.00,216
210472003.00,199
210472004.00,168
210472005.00,300
210472006.00,309
210472007.00,415
210472008.00,152
210472009.01,208
210472009.02,260
210472010.00,144
210472011.00,251
210472012.00,171
210472013.01,198
210472013.03,82
210472013.04,122
210472014.00,183
210472015.01,14
210472015.02,16
210472015.03,2
210479801.00,0
210519502.02,189
210519503.01,205
210519503.02,184
210519504.00,231
210519505.00,171
210519506.00,93
210539701.00,212
210539702.02,244
210539702.03,132
210539702.04,116
210559304.00,119
210579501.00,294
210579502.00,191
210619202.00,344
210619204.01,210
210619204.02,292
210619801.00,0
210759601.00,290
210759602.00,189
210830201.00,249
210830202.00,234
210830203.01,301
210830203.02,106
210830204.00,196
210830205.00,249
210830206.00,155
210830207.00,355
210830208.00,384
210830209.00,227
210879303.00,206
210879304.00,147
210999704.00,383
211059701.00,315
211079711.00,205
211079713.00,339
211219301.00,84
211219302.00,218
211219303.00,215
211219304.01,261
211219304.02,207
211219305.01,182
211219305.02,183
211219306.02,129
211219306.03,211
211219306.04,162
211219307.00,127
211259701.00,235
211259703.00,355
211259704.00,224
211259705.00,299
211259706.00,169
211259707.00,365
211259708.00,377
211259709.00,278
211259710.01,239
211259710.03,282
211259710.04,191
211259711.01,184
211259711.03,306
211259711.04,220
211319201.01,204
211319202.00,195
211390401.00,220
211390402.01,231
211390402.02,265
211419601.00,390
211419602.00,288
211419603.00,401
211419604.00,360
211419605.00,293
211419606.00,234
211439601.01,299
211439601.02,228
211439602.00,207
211439801.00,0
211450301.00,68
211450302.00,175
211450303.00,107
211450304.00,117
211450305.00,146
211450306.00,253
211450307.00,279
211450308.00,313
211450309.00,210
211450310.00,324
211450311.00,409
211450312.00,364
211450313.01,316
211450313.02,375
211450314.01,115
211450314.02,387
211450315.01,179
211450315.02,319
211450316.00,238
211479601.00,193
211479602.00,63
211479603.01,214
211479603.02,196
211479604.01,189
211479604.02,214
211579501.01,236
211579501.02,163
211579502.00,362
211579503.00,336
211579504.00,329
211579505.01,202
211579505.02,205
211579506.01,280
211579506.02,246
211579506.03,93
211699601.00,163
211699602.00,254
211699603.00,362
211719301.00,139
211719302.00,168
211719303.00,213
211719304.00,342
211779604.00,369
211779606.00,206
211779607.00,215
211779608.00,163
211779609.00,103
211999302.00,405
211999303.01,183
211999303.02,224
211999304.01,270
211999304.03,159
211999304.04,200
211999305.03,260
211999305.04,258
211999305.05,287
211999305.06,178
211999306.00,268
211999307.00,343
211999308.01,209
211999308.02,206
211999309.00,205
211999310.00,142
211999311.01,206
211999311.03,116
211999311.04,137
212039503.00,324
212079601.01,278
212079601.02,376
212079602.00,127
212079603.00,331
212079604.00,261
212139701.00,187
212139702.00,335
212139703.00,369
212139704.01,320
212139704.02,182
212199501.00,196
212199502.00,359
212199503.00,169
212199504.00,78
212219701.00,226
212219702.01,214
212219702.02,290
212219703.01,240
212219703.02,181
212219801.00,0
212219802.00,0
212270101.00,102
212270102.00,213
212270103.00,199
212270104.00,8
212270105.00,83
212270106.00,237
212270107.01,333
212270107.02,344
212270108.01,244
212270108.02,473
212270108.04,89
212270108.05,276
212270109.00,235
212270110.01,185
212270110.02,321
212270111.00,421
212270112.00,253
212270113.00,249
212270114.01,576
212270114.02,225
212270115.00,613
212270116.00,469
212270117.01,305
212270117.02,268
212270118.01,248
212270118.02,232
212270119.00,499
212319201.01,125
212319201.02,215
212319202.01,106
212319202.02,267
212319203.00,268
212319204.01,99
212319204.02,111
212319207.01,83
212319207.02,118
212359201.00,175
212359202.00,171
212359203.01,119
212359203.02,320
212359204.01,136
212359204.02,305
212359205.01,132
212359205.02,296
212359206.01,74
212359206.02,227
212359207.00,297
212359208.00,143
280039501.00,359
280039502.01,195
280039502.02,203
280039503.00,262
280039504.01,190
280039504.02,169
280039505.01,236
280039505.02,160
280039506.00,259
280039507.00,267
280099501.01,240
280099501.02,229
280099502.00,140
280119501.00,205
280139501.00,284
280139502.00,128
280139503.00,191
280139504.00,182
280179501.00,299
280179502.00,280
280179504.01,180
280279501.00,206
280279502.00,167
280279503.00,197
280279504.00,241
280279505.00,240
280279506.00,52
280279507.00,260
280330701.01,164
280330701.02,287
280330702.10,359
280330702.21,300
280330702.22,299
280330703.10,176
280330703.22,229
280330703.23,294
280330703.24,295
280330703.25,132
280330704.11,105
280330704.12,218
280330704.21,197
280330704.22,166
280330705.21,185
280330705.22,305
280330705.23,439
280330705.24,284
280330706.10,126
280330706.31,293
280330706.32,273
280330706.33,399
280330706.34,119
280330706.35,434
280330707.21,452
280330707.22,402
280330707.23,380
280330707.24,224
280330708.11,452
280330708.12,274
280330708.21,380
280330708.22,292
280330708.30,462
280330709.00,374
280330710.01,357
280330710.02,310
280330711.21,248
280330711.22,153
280330711.23,283
280330711.24,197
280330712.00,285
280579501.00,338
280579502.01,193
280579502.02,232
280579503.00,178
280579504.00,364
280579505.00,267
280719501.00,338
280719502.01,188
280719502.03,91
280719502.04,71
280719503.01,32
280719503.03,66
280719503.04,85
280719504.02,307
280719504.03,211
280719504.04,289
280719505.02,171
280719505.04,153
280719505.05,176
280719505.06,162
280719505.07,344
280819501.01,309
280819501.02,264
280819502.02,401
280819502.03,145
280819502.04,345
280819503.01,339
280819503.02,271
280819504.01,256
280819504.03,141
280819504.04,403
280819505.01,113
280819505.02,233
280819506.01,218
280819506.02,213
280819507.00,244
280819508.00,188
280819509.01,195
280819509.02,253
280819510.01,311
280819510.02,186
280819511.01,185
280819511.02,230
280819800.00,0
280939501.01,197
280939501.02,306
280939502.01,315
280939502.02,365
280939503.01,304
280939503.02,253
280939504.01,171
280939504.02,240
280939505.01,180
280939505.02,308
280959501.01,194
280959501.02,185
280959502.01,249
280959502.02,301
280959503.00,206
280959504.00,232
281079501.01,224
281079501.02,251
281079502.01,100
281079502.02,90
281079503.01,268
281079503.02,179
281079504.00,389
281079505.01,200
281079505.02,258
281079506.01,251
281079506.02,135
281159501.01,326
281159501.02,389
281159502.00,393
281159503.00,334
281159504.00,367
281159505.00,330
281179501.01,235
281179501.02,167
281179502.01,228
281179502.02,206
281179503.01,125
281179503.02,192
281179504.00,328
281179505.00,94
281199501.00,122
281199502.00,108
281199503.00,220
281339501.00,409
281359501.00,283
281359502.00,133
281359503.00,211
281379501.00,420
281379502.01,233
281379502.02,322
281379503.01,293
281379503.02,404
281379504.00,234
281399501.00,318
281399502.01,304
281399502.02,129
281399503.00,153
281399504.01,321
281399504.02,184
281419501.01,193
281419501.02,106
281419502.00,153
281419503.01,228
281419503.02,190
281419504.01,241
281419504.02,184
281439501.01,168
281439501.02,141
281439502.00,255
281439800.00,0
281459501.00,315
281459502.00,341
281459503.00,245
281459504.00,257
281459505.00,423
281459506.00,259
281619501.00,297
281619502.00,264
281619503.01,197
281619503.02,184
290179503.00,200
290239501.01,261
290239501.02,136
290239502.01,400
290239502.02,493
290239503.01,211
290239503.02,182
290239504.00,190
290239505.00,179
290239506.00,271
290239507.00,138
290239508.00,183
290239509.00,225
290318803.00,346
290359601.00,263
290359602.00,160
290693601.00,146
290693602.00,137
290693603.00,291
290693604.00,267
290693605.00,162
290693606.00,271
290693607.00,213
290693608.00,133
290693609.00,136
290693610.00,136
291339501.00,183
291339502.00,259
291339503.00,114
291339504.00,227
291439601.00,333
291439602.00,110
291439603.00,214
291439604.00,165
291439605.00,142
291439606.00,208
291494801.00,242
291494802.00,305
291494803.00,159
291554701.00,134
291554702.00,191
291554703.00,171
291554704.00,162
291554705.00,192
291554706.00,158
291793802.00,287
291818701.00,257
291818702.00,207
291818703.00,209
291818704.00,137
292017802.00,267
292017803.00,174
292017804.00,352
292017806.00,257
292017807.00,194
292017810.00,297
292017811.00,215
292017812.01,148
292017812.02,213
292017813.00,207
292034701.00,250
292034702.00,358
292074701.00,249
292074702.00,320
292074703.00,314
292074704.00,191
292074705.00,204
292074706.00,330
292074707.00,170
292074708.00,243
292236901.00,244
292236902.00,208
292236903.00,285
292236904.00,154
370399301.01,149
370399301.02,170
370399302.00,193
370399303.00,210
370399304.01,329
370399304.02,162
370399305.01,157
370399305.02,325
370399306.03,186
370399306.04,164
370399306.05,202
370399306.06,291
370439501.01,230
370439501.02,251
370439502.01,221
370439502.02,273
370759201.00,182
370759202.00,194
370759203.00,199
371139702.00,366
371139707.00,532
371739603.01,256
371739802.00,2
470010201.00,227
470010202.01,331
470010202.02,311
470010203.00,243
470010204.00,317
470010205.00,242
470010206.00,198
470010207.00,118
470010208.00,357
470010209.01,512
470010209.02,477
470010210.01,228
470010210.02,244
470010211.00,316
470010212.01,398
470010212.02,355
470010213.01,248
470010213.03,294
470010213.04,258
470019801.00,0
470039501.00,307
470039502.01,245
470039502.02,288
470039503.00,347
470039504.01,404
470039504.02,479
470039505.00,363
470039506.00,442
470039507.00,228
470039508.00,237
470059630.00,313
470059631.00,282
470059632.00,183
470059633.00,226
470059634.00,327
470079530.00,407
470079531.01,144
470079531.02,273
470079532.00,325
470090101.00,170
470090102.00,517
470090103.01,369
470090103.02,249
470090104.00,260
470090105.00,222
470090106.00,210
470090107.00,308
470090108.00,194
470090109.00,420
470090110.01,420
470090110.02,373
470090111.01,377
470090111.02,625
470090112.01,404
470090112.02,259
470090113.01,464
470090113.02,516
470090114.01,195
470090114.03,191
470090114.04,293
470090115.01,166
470090115.02,355
470090115.03,615
470090116.03,423
470090116.04,320
470090116.05,422
470090116.06,518
470090116.07,289
470099801.00,0
470099802.00,1
470110101.00,273
470110102.01,132
470110102.02,201
470110103.00,196
470110104.00,141
470110105.00,133
470110106.00,195
470110107.00,268
470110108.00,180
470110109.00,197
470110110.00,353
470110111.01,449
470110111.02,281
470110112.01,465
470110112.03,337
470110112.04,359
470110113.01,445
470110113.02,227
470110114.02,179
470110114.03,312
470110114.04,342
470110115.01,429
470110115.02,282
470110116.01,383
470110116.02,355
470139501.00,222
470139502.00,156
470139503.00,127
470139504.00,394
470139505.00,338
470139506.01,140
470139506.02,176
470139507.01,105
470139507.02,181
470139508.00,218
470139509.00,218
470139510.00,221
470139511.00,414
470159601.00,348
470159602.01,135
470159602.02,375
470159603.00,258
470179620.00,317
470179621.01,244
470179621.02,258
470179622.01,223
470179622.02,228
470179623.00,395
470179624.00,189
470179625.00,175
470179801.00,0
470210701.02,357
470210701.03,284
470210701.04,491
470210702.01,398
470210702.02,420
470210702.03,282
470210703.00,263
470210704.01,210
470210704.02,605
470239701.01,169
470239701.02,289
470239702.00,228
470239703.01,141
470239703.02,278
470259701.00,207
470259702.00,193
470259703.00,278
470259704.00,63
470259705.00,203
470259706.00,390
470259707.00,464
470259708.00,238
470259709.00,302
470279550.00,434
470279551.00,207
470319701.00,294
470319702.01,303
470319702.02,310
470319703.00,176
470319704.01,172
470319704.02,345
470319705.01,94
470319705.02,354
470319706.00,298
470319707.00,349
470319708.01,298
470319708.03,220
470319708.04,271
470319709.00,272
470319710.01,79
470319710.02,347
470319801.00,0
470339610.00,200
470339611.00,255
470339612.00,134
470339613.00,161
470339614.00,215
470359701.01,380
470359701.03,309
470359701.04,348
470359702.01,346
470359702.02,179
470359703.01,271
470359703.02,388
470359704.01,324
470359704.02,202
470359705.01,198
470359705.02,247
470359706.01,369
470359706.02,305
470359706.03,196
470359707.01,226
470359707.02,457
470359708.00,346
470370101.03,263
470370101.04,260
470370101.05,313
470370101.06,242
470370102.01,300
470370102.02,342
470370103.01,305
470370103.02,133
470370103.03,330
470370104.01,293
470370104.03,225
470370104.04,136
470370105.01,449
470370105.02,396
470370106.01,340
470370106.02,220
470370107.01,297
470370107.02,227
470370108.01,385
470370108.02,245
470370109.01,220
470370109.03,378
470370109.04,181
470370110.01,345
470370110.02,153
470370111.00,242
470370112.00,187
470370113.00,237
470370114.00,226
470370115.00,198
470370116.00,277
470370117.00,226
470370118.00,118
470370119.00,120
470370121.00,121
470370122.00,93
470370126.00,77
470370127.01,375
470370127.02,201
470370128.01,354
470370128.02,311
470370130.01,37
470370130.02,67
470370131.00,185
470370132.01,189
470370132.02,164
470370133.00,185
470370134.00,187
470370135.00,66
470370136.00,310
470370137.01,236
470370137.02,144
470370138.00,100
470370139.00,114
470370142.00,136
470370143.00,140
470370144.00,114
470370148.00,41
470370151.00,325
470370152.00,173
470370153.00,473
470370154.01,386
470370154.02,321
470370154.04,153
470370154.05,303
470370155.01,241
470370155.02,265
470370156.09,361
470370156.13,214
470370156.14,205
470370156.15,255
470370156.17,173
470370156.18,324
470370156.19,338
470370156.20,462
470370156.22,294
470370156.23,290
470370156.24,246
470370156.25,355
470370156.26,339
470370156.27,162
470370156.28,145
470370156.29,242
470370156.30,224
470370156.32,170
470370156.33,468
470370156.34,672
470370156.35,154
470370156.36,171
470370156.37,208
470370157.00,95
470370158.04,173
470370158.05,184
470370158.06,222
470370159.00,219
470370160.00,142
470370161.00,146
470370162.00,205
470370163.00,105
470370164.00,62
470370165.00,22
470370166.00,186
470370167.00,324
470370168.00,184
470370169.00,256
470370170.00,102
470370171.00,80
470370172.00,104
470370173.00,143
470370174.01,98
470370174.02,212
470370175.00,146
470370177.01,114
470370177.02,211
470370178.00,248
470370179.01,385
470370179.02,275
470370180.00,344
470370181.01,187
470370181.02,242
470370182.01,212
470370182.03,113
470370182.04,177
470370182.05,169
470370183.02,185
470370183.03,241
470370183.04,257
470370184.04,315
470370184.05,354
470370184.07,316
470370184.08,276
470370184.09,270
470370184.10,177
470370184.11,135
470370184.12,235
470370185.00,358
470370186.01,178
470370186.02,303
470370187.00,268
470370188.01,290
470370188.03,237
470370188.04,395
470370189.01,160
470370189.02,115
470370189.04,154
470370189.05,118
470370190.03,177
470370190.04,193
470370190.07,130
470370190.08,255
470370191.05,247
470370191.06,171
470370191.08,133
470370191.09,266
470370191.10,177
470370191.11,188
470370191.12,323
470370191.15,273
470370191.16,375
470370191.17,378
470370191.18,193
470370191.19,683
470370191.20,137
470370191.21,210
470370192.00,174
470370193.00,125
470370194.01,179
470370194.02,133
470370195.01,62
470370195.02,199
470370195.03,304
470370196.00,213
470379801.00,0
470379802.00,0
470399550.01,166
470399550.03,202
470399550.04,128
470399551.01,131
470399551.02,275
470419201.01,259
470419201.02,354
470419202.01,388
470419202.02,172
470419203.00,455
470430601.00,365
470430602.01,325
470430602.02,242
470430603.00,513
470430604.01,292
470430604.02,486
470430605.01,452
470430605.02,257
470430606.01,252
470430606.02,440
470430607.00,380
470459640.01,292
470459640.02,184
470459642.00,369
470459643.00,278
470459644.01,203
470459644.02,192
470459645.00,151
470459646.00,196
470459648.00,229
470459649.00,386
470470603.00,298
470470604.01,306
470470604.02,344
470470604.03,453
470470604.04,480
470470605.01,391
470470605.02,348
470470606.00,372
470470607.01,246
470470607.02,405
470470608.00,196
470499650.00,364
470499651.00,330
470499652.01,183
470499652.02,276
470499653.00,418
470519601.00,266
470519602.01,585
470519602.02,474
470519603.00,305
470519604.01,260
470519604.02,374
470519605.00,319
470519606.00,396
470519607.00,185
470519608.00,209
470539661.00,197
470539662.00,236
470539663.00,192
470539664.00,354
470539665.01,193
470539665.02,223
470539666.00,139
470539667.01,179
470539667.02,246
470539668.00,92
470539669.00,185
470539670.01,290
470539670.02,279
470539671.00,362
470539673.00,77
470539674.00,270
470539801.00,0
470559201.00,271
470559202.00,333
470559203.01,377
470559203.02,167
470559204.00,229
470559205.00,359
470559206.00,234
470559207.00,184
470559208.00,277
470575001.00,325
470575002.00,386
470575003.01,213
470575003.02,278
470619550.00,196
470619551.00,135
470619552.00,358
470619553.00,362
470650004.00,247
470650006.00,192
470650007.00,202
470650008.00,117
470650011.00,90
470650012.00,179
470650013.00,94
470650014.00,80
470650016.00,313
470650018.00,102
470650019.00,248
470650020.00,198
470650023.00,68
470650024.00,180
470650025.00,251
470650026.00,105
470650028.00,240
470650029.00,170
470650030.00,156
470650031.00,181
470650032.00,193
470650033.00,480
470650034.00,261
470650101.01,520
470650101.03,328
470650101.04,345
470650102.01,321
470650102.02,393
470650103.03,226
470650103.04,369
470650103.05,250
470650103.06,243
470650103.08,237
470650103.09,204
470650104.11,489
470650104.12,353
470650104.13,301
470650104.31,536
470650104.32,560
470650104.33,311
470650104.34,204
470650104.35,401
470650105.01,366
470650105.02,173
470650106.00,218
470650107.00,157
470650108.00,200
470650109.01,135
470650109.02,69
470650109.04,91
470650109.05,231
470650110.01,187
470650110.03,262
470650110.04,244
470650111.00,342
470650112.03,319
470650112.04,463
470650112.05,585
470650112.06,282
470650113.11,610
470650113.14,362
470650113.21,481
470650113.23,454
470650113.24,266
470650113.25,423
470650113.26,299
470650114.02,376
470650114.11,315
470650114.13,597
470650114.42,207
470650114.44,203
470650114.45,293
470650114.46,249
470650114.47,527
470650114.48,227
470650114.49,209
470650116.00,360
470650117.00,267
470650118.00,441
470650119.00,105
470650120.00,131
470650121.00,499
470650122.00,108
470650123.00,269
470650124.00,138
470659801.00,0
470659802.00,0
470699501.00,299
470699502.00,317
470699503.00,281
470699504.00,410
470699505.00,330
470699506.00,226
470719201.00,355
470719202.00,425
470719203.00,251
470719204.01,119
470719204.02,192
470719205.01,300
470719205.02,152
470719206.00,306
470759301.00,192
470759302.00,125
470759303.01,285
470759303.02,178
470759304.00,281
470759305.00,223
470779750.00,228
470779751.00,279
470779752.00,413
470779753.01,266
470779753.02,260
470779754.00,324
470779755.00,288
470799690.01,260
470799690.02,180
470799691.00,259
470799692.00,116
470799693.00,222
470799694.00,149
470799695.01,140
470799695.02,236
470799696.01,236
470799696.02,332
470799697.00,226
470799698.00,210
470819501.00,432
470819502.01,282
470819502.02,267
470819503.01,216
470819503.02,346
470819504.00,159
470819505.00,187
470831201.00,260
470831202.00,149
470831203.00,222
470851301.00,408
470851302.00,176
470851303.00,403
470851304.00,233
470851305.00,187
470879601.00,195
470879602.00,180
470879603.00,419
470879604.00,152
470890703.00,351
470890704.00,276
470890705.00,410
470890706.00,324
470890708.01,320
470890708.02,372
470890709.00,498
470930001.00,192
470930008.00,140
470930009.01,0
470930009.02,5
470930014.00,114
470930015.00,185
470930016.00,183
470930017.00,153
470930018.00,149
470930019.00,105
470930020.00,197
470930021.00,148
470930022.00,241
470930023.00,194
470930024.00,247
470930026.00,84
470930027.00,166
470930028.00,223
470930029.00,204
470930030.00,303
470930031.00,202
470930032.00,231
470930033.00,173
470930034.00,263
470930035.01,208
470930035.02,105
470930037.00,174
470930038.01,163
470930038.02,182
470930039.01,266
470930039.02,185
470930040.00,270
470930041.00,270
470930042.00,241
470930043.00,166
470930044.01,286
470930044.03,283
470930044.04,285
470930045.01,146
470930045.02,152
470930046.06,478
470930046.07,344
470930046.08,163
470930046.09,270
470930046.10,215
470930046.11,298
470930046.12,201
470930046.13,345
470930046.14,180
470930046.15,215
470930047.00,307
470930048.00,368
470930049.00,348
470930050.00,278
470930051.00,436
470930052.02,317
470930052.03,311
470930052.04,126
470930053.01,332
470930053.02,277
470930054.01,337
470930054.02,276
470930055.01,217
470930055.02,224
470930056.02,337
470930056.03,339
470930056.04,235
470930057.01,351
470930057.04,382
470930057.06,269
470930057.07,302
470930057.08,204
470930057.09,210
470930057.10,264
470930057.11,400
470930057.13,274
470930057.14,328
470930058.03,187
470930058.07,221
470930058.08,365
470930058.09,360
470930058.10,322
470930058.11,287
470930058.13,448
470930058.14,259
470930058.15,231
470930059.03,324
470930059.06,196
470930059.07,307
470930059.08,383
470930059.09,92
470930059.10,159
470930059.11,163
470930059.12,352
470930060.01,238
470930060.02,473
470930060.03,343
470930061.02,439
470930061.03,303
470930061.04,420
470930062.02,366
470930062.03,340
470930062.05,348
470930062.06,393
470930062.07,227
470930062.08,389
470930063.01,252
470930063.02,222
470930064.01,267
470930064.02,356
470930064.03,208
470930065.01,293
470930065.02,246
470930066.00,200
470930067.00,219
470930068.00,345
470930069.01,23
470930069.02,12
470930069.03,25
470930070.00,113
470930071.00,254
470959601.00,304
470959602.00,163
470970501.00,104
470970502.00,252
470970503.00,216
470970504.00,228
470970505.03,130
470970505.04,174
470970505.05,209
470970505.06,193
470970506.00,163
470999601.00,323
470999602.00,207
470999603.00,331
470999604.01,399
470999604.02,287
470999605.01,284
470999605.02,319
470999606.00,157
470999607.00,284
470999608.00,276
470999609.00,173
471019701.00,428
471019702.00,546
471039750.00,154
471039751.00,205
471039752.00,171
471039753.00,463
471039754.00,304
471039755.00,400
471039756.01,392
471039756.02,327
471039757.00,302
471050601.00,416
471050602.01,325
471050602.03,167
471050602.04,378
471050603.01,372
471050603.03,342
471050603.04,319
471050604.00,497
471050605.02,210
471050605.03,283
471050605.04,505
471050605.05,195
471050606.00,369
471050607.00,218
471079701.02,399
471079701.03,272
471079701.04,318
471079702.01,161
471079702.02,220
471079703.00,157
471079704.01,269
471079704.02,377
471079705.00,286
471079706.01,216
471079706.02,241
471079707.00,348
471079708.01,381
471079708.02,298
471099301.00,318
471099302.00,152
471099303.00,202
471099304.00,165
471099305.01,187
471099305.02,379
471099306.00,258
471099307.00,261
471119701.00,388
471119702.00,416
471119703.01,269
471119703.02,310
471119704.00,350
471130001.00,250
471130002.00,338
471130003.00,270
471130004.00,186
471130005.00,191
471130006.00,114
471130007.00,188
471130008.00,119
471130009.00,121
471130010.00,128
471130011.00,47
471130013.00,459
471130014.01,149
471130014.02,168
471130015.01,291
471130015.02,539
471130016.03,150
471130016.04,189
471130016.05,101
471130016.07,406
471130016.08,209
471130016.09,123
471130016.10,504
471130016.11,195
471130016.12,450
471130017.00,128
471130018.00,270
471130019.00,344
471150501.01,258
471150501.02,444
471150502.01,372
471150502.03,192
471150502.04,326
471150503.01,449
471150503.02,270
471179550.00,635
471179551.00,444
471179552.00,502
471179553.00,250
471179554.00,240
471179555.00,353
471190101.00,275
471190102.01,799
471190102.03,478
471190102.04,409
471190102.05,185
471190103.01,596
471190103.02,262
471190104.01,277
471190104.02,232
471190105.00,336
471190106.00,328
471190107.00,294
471190108.01,257
471190108.02,463
471190109.00,266
471190110.01,238
471190110.03,195
471190110.04,292
471190111.01,339
471190111.02,230
471190112.00,542
471219601.00,313
471219602.00,409
471219603.00,345
471239250.01,433
471239250.02,327
471239251.01,303
471239251.02,281
471239252.00,388
471239253.01,244
471239253.02,258
471239254.01,351
471239254.02,311
471239255.01,248
471239255.03,273
471239255.04,197
471251001.00,66
471251002.00,125
471251003.00,337
471251005.00,288
471251006.01,170
471251006.02,162
471251008.00,125
471251009.00,172
471251010.01,259
471251010.02,232
471251011.01,180
471251011.02,493
471251011.03,166
471251012.01,115
471251012.02,254
471251013.04,299
471251013.05,193
471251013.06,264
471251013.07,147
471251013.08,120
471251013.09,270
471251014.00,28
471251015.01,276
471251015.02,368
471251016.00,402
471251017.01,312
471251017.02,441
471251018.03,565
471251018.05,266
471251018.06,521
471251018.07,247
471251018.08,245
471251019.02,203
471251019.04,334
471251019.05,346
471251019.06,295
471251020.01,367
471251020.03,258
471251020.04,323
471251020.05,306
471251020.07,98
471251020.08,294
471251020.09,226
471251020.10,253
471251021.00,313
471259801.00,0
471279301.00,316
471279302.00,197
471291101.00,272
471291102.00,298
471291103.00,278
471291104.00,315
471291105.00,351
471319650.00,296
471319651.00,161
471319652.00,170
471319653.00,300
471319654.00,262
471319655.00,165
471319656.00,269
471319657.00,282
471319658.00,133
471319659.00,95
471339501.00,129
471339502.00,130
471339503.01,295
471339503.02,233
471339504.00,148
471339505.01,319
471339505.02,167
471339506.00,219
471359301.00,259
471359302.01,202
471359302.02,197
471379251.01,250
471379251.02,143
471399501.00,132
471399502.01,206
471399502.03,243
471399502.04,248
471399503.00,349
471399504.00,307
471410001.00,459
471410002.01,352
471410002.02,353
471410003.01,227
471410003.03,140
471410003.04,154
471410003.05,111
471410004.00,252
471410005.00,150
471410006.00,245
471410007.00,186
471410008.00,187
471410009.00,477
471410010.00,285
471410011.00,510
471410012.01,397
471410012.02,277
471410013.00,173
471439750.00,446
471439751.00,379
471439752.00,440
471439753.00,440
471439754.01,391
471439754.02,283
471450301.00,262
471450302.03,261
471450302.04,264
471450302.05,299
471450302.06,377
471450303.01,262
471450303.02,296
471450304.01,249
471450304.02,289
471450305.00,283
471450306.00,294
471450307.00,267
471450308.01,152
471450308.02,249
471450309.00,421
471459801.00,0
471470801.01,297
471470801.03,515
471470801.04,624
471470802.00,470
471470803.01,214
471470803.02,192
471470804.01,268
471470804.02,365
471470805.00,382
471470806.03,366
471470806.04,317
471470806.05,219
471470806.06,427
471470807.01,281
471470807.02,372
471490401.01,198
471490401.02,218
471490401.04,325
471490401.05,243
471490401.06,146
471490401.07,193
471490402.00,241
471490403.03,144
471490403.04,169
471490403.05,162
471490403.07,259
471490403.08,352
471490403.09,386
471490403.10,295
471490403.11,240
471490403.12,102
471490404.04,259
471490404.05,177
471490405.01,576
471490405.02,503
471490406.00,394
471490407.02,395
471490407.03,507
471490407.04,273
471490408.06,748
471490408.07,523
471490408.08,719
471490408.09,318
471490408.10,225
471490408.11,440
471490408.12,307
471490409.01,357
471490409.04,344
471490409.06,299
471490409.07,530
471490409.08,278
471490409.09,265
471490409.10,313
471490409.11,482
471490410.00,553
471490411.02,250
471490411.03,315
471490411.04,361
471490412.01,394
471490412.02,402
471490413.01,565
471490413.02,374
471490414.01,275
471490414.04,141
471490414.05,82
471490414.06,148
471490414.07,164
471490415.00,4
471490416.01,139
471490416.02,154
471490417.00,294
471490418.00,235
471490419.00,216
471490420.00,342
471490421.01,195
471490421.02,154
471490422.00,260
471490423.01,279
471490423.02,226
471519750.00,273
471519751.01,170
471519751.02,273
471519752.00,399
471519753.00,149
471519754.00,209
471530601.02,263
471530601.03,326
471530601.04,274
471530602.00,431
471550801.01,353
471550801.03,332
471550801.04,285
471550802.02,568
471550802.03,435
471550802.04,259
471550803.00,371
471550804.01,292
471550804.02,299
471550805.00,381
471550806.01,322
471550806.03,329
471550808.01,139
471550808.03,330
471550808.04,182
471550809.01,340
471550809.03,224
471550809.04,192
471550810.01,204
471550810.02,212
471550811.01,108
471550811.04,146
471559801.00,1
471570001.00,267
471570002.00,68
471570003.00,59
471570004.00,106
471570006.00,134
471570007.00,283
471570008.00,164
471570009.00,166
471570011.00,168
471570012.00,182
471570013.00,190
471570014.00,93
471570015.00,145
471570016.00,153
471570017.00,224
471570019.00,106
471570020.00,91
471570021.00,70
471570024.00,136
471570025.00,202
471570026.00,137
471570027.00,110
471570028.00,195
471570029.00,222
471570030.00,151
471570031.00,151
471570032.00,219
471570033.00,128
471570034.00,139
471570035.00,186
471570036.00,132
471570037.00,168
471570038.00,133
471570039.00,207
471570042.00,207
471570043.00,189
471570045.00,25
471570046.00,75
471570050.00,65
471570053.00,269
471570055.00,159
471570056.00,291
471570057.00,152
471570058.00,58
471570059.00,130
471570060.00,124
471570062.00,153
471570063.00,112
471570064.00,117
471570065.00,202
471570066.00,109
471570067.00,207
471570068.00,158
471570069.00,175
471570070.00,177
471570071.00,156
471570072.00,153
471570073.00,166
471570074.00,124
471570075.00,116
471570078.10,180
471570078.21,316
471570078.22,112
471570079.00,361
471570080.00,345
471570081.10,98
471570081.20,348
471570082.00,187
471570085.00,325
471570086.00,362
471570087.00,299
471570088.00,263
471570089.00,171
471570091.00,120
471570092.01,199
471570092.02,202
471570093.00,277
471570094.00,199
471570095.01,142
471570095.02,232
471570096.00,345
471570097.00,162
471570098.00,159
471570099.01,160
471570099.02,147
471570100.01,255
471570100.02,189
471570101.20,305
471570101.21,182
471570101.22,164
471570102.10,268
471570102.20,401
471570103.00,56
471570105.00,94
471570106.10,342
471570106.20,150
471570106.30,187
471570107.10,308
471570107.20,211
471570108.10,318
471570108.20,296
471570110.10,239
471570110.20,59
471570111.00,100
471570112.00,106
471570113.00,109
471570114.01,86
471570114.02,133
471570115.00,193
471570116.00,149
471570117.00,83
471570118.00,233
471570201.01,274
471570201.02,273
471570202.10,440
471570202.21,268
471570202.22,182
471570203.01,168
471570203.02,222
471570204.00,13
471570205.11,166
471570205.21,173
471570205.23,127
471570205.24,270
471570205.31,232
471570205.32,403
471570205.41,344
471570205.42,185
471570205.43,142
471570205.44,165
471570206.10,188
471570206.21,408
471570206.22,203
471570206.32,400
471570206.33,240
471570206.34,212
471570206.35,158
471570206.51,408
471570206.52,318
471570206.53,301
471570206.54,323
471570206.55,240
471570206.56,368
471570206.57,312
471570206.58,288
471570207.00,223
471570208.33,362
471570208.34,253
471570208.35,263
471570208.36,511
471570208.37,372
471570209.01,257
471570209.02,300
471570210.20,531
471570210.21,328
471570210.22,318
471570210.23,303
471570211.11,180
471570211.12,343
471570211.13,200
471570211.21,238
471570211.22,253
471570211.24,378
471570211.25,296
471570211.26,256
471570211.35,324
471570211.36,421
471570211.38,226
471570211.39,341
471570211.40,278
471570211.41,418
471570211.42,210
471570211.43,298
471570211.44,213
471570212.00,27
471570213.11,327
471570213.12,109
471570213.20,323
471570213.31,238
471570213.33,213
471570213.34,192
471570213.41,322
471570213.51,315
471570213.52,421
471570213.54,278
471570213.55,326
471570213.56,319
471570213.57,404
471570214.10,180
471570214.20,223
471570214.30,268
471570215.30,346
471570215.41,519
471570215.42,276
471570215.43,298
471570215.44,153
471570215.45,276
471570215.46,165
471570215.47,400
471570215.48,187
471570216.11,387
471570216.12,302
471570216.13,327
471570216.20,219
471570217.10,84
471570217.21,191
471570217.24,132
471570217.25,154
471570217.31,101
471570217.44,356
471570217.45,533
471570217.46,271
471570217.47,225
471570217.51,523
471570217.52,328
471570217.53,203
471570217.54,283
471570217.55,72
471570217.56,73
471570217.57,118
471570217.58,156
471570217.59,203
471570217.60,189
471570219.00,292
471570220.23,164
471570220.24,234
471570220.25,107
471570220.26,94
471570221.11,264
471570221.21,323
471570221.22,230
471570221.30,353
471570221.31,135
471570221.32,168
471570222.10,309
471570222.20,230
471570223.10,311
471570223.21,247
471570223.22,224
471570223.30,274
471570224.10,417
471570225.00,274
471570226.00,217
471570227.00,388
471579801.00,1
471579802.00,1
471579803.00,0
471579804.01,18
471579804.02,0
471599750.00,333
471599751.00,235
471599752.00,430
471599753.00,209
471599754.00,368
471611102.01,391
471611102.02,134
471611106.00,214
471611107.00,398
471619801.00,0
471619802.00,0
471650201.01,272
471650201.02,378
471650202.03,184
471650202.04,243
471650202.05,169
471650202.06,94
471650202.07,111
471650202.08,170
471650202.09,170
471650203.00,318
471650204.03,177
471650204.04,178
471650204.05,224
471650204.06,293
471650204.07,336
471650205.01,756
471650205.02,436
471650205.03,254
471650206.01,304
471650206.02,380
471650206.03,328
471650207.00,339
471650208.00,412
471650209.01,104
471650209.03,403
471650209.04,191
471650209.05,222
471650210.02,497
471650210.04,234
471650210.05,502
471650210.06,313
471650210.07,256
471650210.08,434
471650210.09,353
471650211.03,415
471650211.04,132
471650211.05,356
471650211.06,226
471650211.07,385
471650212.01,538
471650212.03,685
471650212.04,438
471650212.05,231
471670401.00,346
471670402.00,153
471670403.02,630
471670403.03,476
471670403.04,463
471670404.00,224
471670405.00,404
471670406.01,342
471670406.02,256
471670407.00,255
471670408.00,342
471670409.00,133
471670410.00,193
471690901.00,585
471690902.00,169
471730401.01,330
471730401.02,240
471730402.01,285
471730402.02,511
471730403.00,318
471759250.00,262
471759252.00,216
471779301.00,283
471779302.01,250
471779302.02,251
471779303.00,193
471779304.00,372
471779305.00,286
471779306.00,275
471779307.00,331
471779308.00,483
471779309.00,141
471819501.00,311
471819502.00,377
471819503.00,276
471819504.00,259
471839680.00,106
471839681.01,211
471839681.02,143
471839682.01,318
471839682.02,12
471839682.03,110
471839683.00,143
471839684.00,417
471839685.00,316
471839686.00,258
471839687.00,118
471859350.00,365
471859351.00,457
471859352.00,360
471859353.00,361
471859354.00,253
471859355.00,279
471870501.02,381
471870501.03,563
471870501.04,292
471870501.05,478
471870502.04,362
471870502.05,251
471870502.06,247
471870502.07,369
471870502.09,298
471870502.10,161
471870502.11,314
471870502.12,148
471870503.03,187
471870503.04,152
471870503.05,178
471870503.06,129
471870503.07,181
471870504.03,159
471870504.04,466
471870504.05,283
471870504.06,462
471870505.02,410
471870505.03,373
471870505.04,281
471870506.01,452
471870506.03,198
471870506.04,620
471870507.01,281
471870507.02,329
471870508.01,296
471870508.02,140
471870509.04,279
471870509.05,407
471870509.06,376
471870509.07,367
471870509.08,370
471870509.09,357
471870510.01,497
471870510.02,720
471870511.00,815
471870512.03,299
471870512.04,400
471870512.05,457
471870512.06,363
471870512.07,263
471870512.08,392
471890301.02,607
471890301.03,236
471890301.04,219
471890301.05,295
471890302.02,938
471890302.03,381
471890302.05,182
471890302.06,393
471890302.07,182
471890303.03,358
471890303.04,505
471890303.05,400
471890303.08,324
471890303.09,430
471890303.10,410
471890303.11,230
471890304.01,147
471890304.02,305
471890305.00,568
471890306.00,238
471890307.00,240
471890308.00,534
471890309.04,341
471890309.05,372
471890309.06,495
471890309.07,499
471890309.08,434
471890310.00,513
511059506.00,271