GEOID,2024 Population Density
210039204.0,90.0
210039205.0,20.8
210039206.0,57.2
210350101.0,48.7
210350102.0,58.3
210350103.01,4503.8
210350103.03,1805.7
210350103.04,331.1
210350104.0,236.5
210350105.0,255.5
210350106.01,2054.2
210350106.02,518.9
210350107.0,44.3
210350108.0,33.3
210472013.01,35.3
210472013.03,855.1
210472013.04,559.4
210472014.0,24.3
210472015.01,6779.9
210472015.02,2435.1
210472015.03,1696.2
210479801.0,0.0
210539702.02,49.5
210539702.03,37.0
210539702.04,85.2
210579502.0,14.0
210759601.0,40.4
210830202.0,220.3
210830203.01,494.0
210830204.0,27.2
210830205.0,36.4
210830209.0,48.3
211059701.0,18.2
211419606.0,25.1
211719302.0,28.0
211719303.0,67.4
211719304.0,32.8
212139701.0,38.5
212139704.01,883.8
212139704.02,41.9
212199503.0,42.6
212199504.0,20.7
212219703.02,23.1
212219801.0,0.0
212219802.0,0.1
212319204.02,22.2
212319207.01,8.6
470039501.0,56.8
470039502.01,74.4
470039502.02,96.6
470039503.0,42.6
470039504.01,372.1
470039504.02,365.2
470039505.0,619.1
470039506.0,629.3
470039507.0,56.3
470039508.0,35.0
470059630.0,25.4
470059631.0,55.2
470059632.0,17.9
470059633.0,506.7
470059634.0,43.4
470079530.0,34.6
470079531.01,28.6
470079531.02,57.8
470079532.0,32.0
470110107.0,1922.9
470110110.0,2009.2
470110113.01,113.9
470110113.02,128.2
470110114.02,726.5
470110114.03,647.3
470110114.04,769.6
470110115.01,143.1
470110115.02,139.4
470159601.0,37.2
470159602.01,388.6
470159602.02,53.7
470159603.0,62.8
470179620.0,46.4
470179621.01,46.6
470179621.02,116.3
470179622.01,84.9
470179622.02,146.4
470179623.0,43.9
470179624.0,27.1
470179625.0,18.4
470179801.0,0.0
470210701.02,66.1
470210701.03,205.5
470210701.04,181.1
470210702.01,431.2
470210702.02,161.6
470210702.03,81.1
470210703.0,491.8
470210704.01,52.8
470210704.02,197.0
470239701.01,62.5
470239701.02,34.8
470239702.0,906.2
470239703.01,32.1
470239703.02,49.5
470279550.0,32.5
470279551.0,30.7
470319701.0,49.7
470319702.01,116.0
470319702.02,161.8
470319703.0,39.6
470319704.01,67.9
470319704.02,372.7
470319705.01,1354.0
470319705.02,1596.2
470319706.0,203.6
470319707.0,58.8
470319708.01,1294.8
470319708.03,96.3
470319708.04,976.4
470319709.0,1260.3
470319710.01,319.6
470319710.02,1254.4
470319801.0,0.1
470339610.0,41.1
470359701.01,176.5
470359701.03,426.6
470359701.04,172.4
470359702.01,72.8
470359702.02,35.7
470359703.01,68.6
470359703.02,72.0
470359704.01,697.5
470359704.02,171.3
470359705.01,268.3
470359705.02,573.0
470359706.01,500.6
470359706.02,331.6
470359706.03,132.0
470359707.01,336.0
470359707.02,41.2
470359708.0,23.7
470370101.03,145.5
470370101.04,128.0
470370101.05,431.5
470370101.06,452.7
470370102.01,475.8
470370102.02,157.1
470370103.01,1328.1
470370103.02,1211.5
470370103.03,3477.5
470370104.01,1454.3
470370104.03,4714.5
470370104.04,4344.6
470370105.01,1037.4
470370105.02,1953.5
470370106.01,845.8
470370106.02,3063.0
470370107.01,3488.4
470370107.02,3309.0
470370108.01,2950.6
470370108.02,1681.1
470370109.01,1603.1
470370109.03,2752.2
470370109.04,3178.9
470370110.01,2416.4
470370110.02,1872.0
470370111.0,2569.5
470370112.0,3733.7
470370113.0,3643.2
470370114.0,5332.6
470370115.0,2775.4
470370116.0,1785.1
470370117.0,4908.3
470370118.0,5090.4
470370119.0,5837.4
470370121.0,4663.8
470370122.0,2282.9
470370126.0,4153.3
470370127.01,1973.5
470370127.02,1977.5
470370128.01,1488.3
470370128.02,845.3
470370130.01,257.7
470370130.02,884.9
470370131.0,71.5
470370132.01,4345.0
470370132.02,3720.4
470370133.0,5968.8
470370134.0,3238.9
470370135.0,4736.6
470370136.0,3915.9
470370137.01,4440.9
470370137.02,2815.0
470370138.0,4454.0
470370139.0,4988.7
470370142.0,6742.6
470370143.0,3882.2
470370144.0,4553.1
470370148.0,17978.3
470370151.0,1520.7
470370152.0,1935.7
470370153.0,945.2
470370154.01,1281.8
470370154.02,1614.2
470370154.04,2112.1
470370154.05,3604.9
470370155.01,1454.5
470370155.02,2109.0
470370156.09,3718.5
470370156.13,1621.4
470370156.14,5860.9
470370156.15,6080.1
470370156.17,2100.9
470370156.18,4728.0
470370156.19,2044.0
470370156.2,6086.0
470370156.22,1846.1
470370156.23,2863.4
470370156.24,3405.3
470370156.25,1573.9
470370156.26,5498.0
470370156.27,2159.8
470370156.28,5056.9
470370156.29,2662.2
470370156.3,1298.5
470370156.32,3201.2
470370156.33,1065.3
470370156.34,3222.3
470370156.35,311.4
470370156.36,4259.4
470370156.37,1179.7
470370157.0,1042.9
470370158.04,6874.1
470370158.05,4224.3
470370158.06,4023.8
470370159.0,1495.0
470370160.0,3672.4
470370161.0,2753.7
470370162.0,5414.3
470370163.0,7478.8
470370164.0,11544.4
470370165.0,7984.4
470370166.0,6526.1
470370167.0,4243.9
470370168.0,6961.9
470370169.0,5199.4
470370170.0,8151.8
470370171.0,6577.0
470370172.0,1714.7
470370173.0,3693.7
470370174.01,3228.0
470370174.02,4931.9
470370175.0,2550.9
470370177.01,1250.2
470370177.02,3984.9
470370178.0,3826.2
470370179.01,3191.0
470370179.02,3092.9
470370180.0,3142.8
470370181.01,4085.7
470370181.02,1213.5
470370182.01,1135.1
470370182.03,1363.3
470370182.04,3682.9
470370182.05,1208.1
470370183.02,169.1
470370183.03,306.3
470370183.04,346.3
470370184.04,870.6
470370184.05,1886.2
470370184.07,1569.6
470370184.08,1552.6
470370184.09,3246.8
470370184.1,7673.5
470370184.11,2742.1
470370184.12,3743.9
470370185.0,1341.9
470370186.01,578.5
470370186.02,668.1
470370187.0,504.8
470370188.01,1807.7
470370188.03,3004.6
470370188.04,2848.7
470370189.01,2758.6
470370189.02,3229.8
470370189.04,4068.4
470370189.05,6370.9
470370190.03,6211.9
470370190.04,4582.3
470370190.07,4297.5
470370190.08,7624.1
470370191.05,8480.5
470370191.06,5982.7
470370191.08,6170.4
470370191.09,6318.8
470370191.1,3841.6
470370191.11,4900.8
470370191.12,3078.8
470370191.15,1914.1
470370191.16,3247.2
470370191.17,1516.5
470370191.18,7443.4
470370191.19,1052.8
470370191.2,3956.5
470370191.21,4516.8
470370192.0,5284.4
470370193.0,2761.9
470370194.01,6289.8
470370194.02,5687.3
470370195.01,10715.6
470370195.02,8513.6
470370195.03,7267.0
470370196.0,812.8
470379801.0,0.8
470379802.0,1.4
470399550.01,17.2
470399550.03,80.0
470399550.04,187.6
470399551.01,43.2
470399551.02,22.4
470419201.01,42.8
470419201.02,60.8
470419202.01,303.8
470419202.02,171.0
470419203.0,43.3
470430601.0,44.6
470430602.01,53.3
470430602.02,109.4
470430603.0,135.9
470430604.01,127.5
470430604.02,175.0
470430605.01,449.5
470430605.02,276.3
470430606.01,273.3
470430606.02,211.0
470430607.0,62.5
470499650.0,17.4
470499651.0,128.9
470499652.01,40.9
470499652.02,44.8
470499653.0,46.0
470519601.0,54.3
470519602.01,154.0
470519602.02,131.8
470519603.0,63.4
470519604.01,968.2
470519604.02,427.6
470519605.0,473.9
470519606.0,49.0
470519607.0,30.8
470519608.0,35.5
470539662.0,80.2
470539663.0,54.8
470539664.0,116.9
470539665.01,157.3
470539665.02,1093.6
470539666.0,99.2
470539667.01,693.6
470539667.02,57.8
470539669.0,121.1
470539670.01,179.4
470539670.02,1534.7
470539671.0,312.5
470539674.0,32.6
470539801.0,0.1
470559201.0,28.6
470559202.0,67.8
470559203.01,109.4
470559203.02,25.2
470559204.0,75.1
470559205.0,88.1
470559206.0,37.1
470559207.0,28.3
470559208.0,49.4
470619550.0,18.9
470619551.0,26.2
470619552.0,47.2
470619553.0,77.8
470650101.01,461.2
470650101.03,163.3
470650101.04,94.5
470650102.01,286.4
470650102.02,132.5
470650103.03,1630.6
470650103.04,931.0
470650103.05,441.3
470650103.06,516.1
470650103.08,686.0
470650103.09,427.1
470650104.11,1146.6
470650104.12,1172.8
470650104.13,647.3
470650104.31,1281.6
470650104.32,1107.3
470650104.33,1928.5
470650104.34,305.0
470650104.35,1115.1
470650105.01,1855.7
470650105.02,1648.3
470650106.0,2145.2
470650107.0,1696.8
470650108.0,2189.4
470650109.02,214.4
470650109.04,2202.9
470650109.05,1269.5
470650110.01,37.0
470650110.03,177.1
470650110.04,459.1
470650111.0,1404.1
470650112.05,771.9
470650112.06,517.6
470650114.02,2467.0
470650114.11,909.7
470650114.13,1138.1
470650114.47,998.7
470650121.0,244.7
470659802.0,0.0
470699501.0,18.9
470699504.0,43.5
470699505.0,31.6
470719201.0,24.3
470719202.0,39.9
470719203.0,275.0
470719204.01,183.6
470719204.02,1098.1
470719205.01,33.3
470719205.02,25.6
470719206.0,44.8
470779750.0,27.4
470779751.0,28.8
470779752.0,47.9
470779753.01,308.4
470779753.02,173.1
470779754.0,118.7
470779755.0,36.2
470799690.01,66.3
470799690.02,34.7
470799691.0,28.7
470799692.0,19.7
470799693.0,237.3
470799694.0,1538.4
470799695.01,1095.2
470799695.02,720.3
470799696.01,79.1
470799696.02,86.2
470799697.0,28.9
470799698.0,26.9
470819501.0,59.6
470819502.01,66.3
470819502.02,211.4
470819503.01,25.9
470819503.02,80.5
470819504.0,13.7
470819505.0,23.9
470831201.0,34.3
470831202.0,60.0
470831203.0,41.6
470851301.0,52.7
470851302.0,19.6
470851303.0,135.9
470851304.0,11.8
470851305.0,80.2
470879601.0,16.6
470879602.0,35.3
470879603.0,77.6
470879604.0,38.0
470999601.0,85.5
470999602.0,24.7
470999603.0,80.7
470999604.01,326.9
470999604.02,199.9
470999605.01,268.8
470999605.02,90.4
470999606.0,25.7
470999607.0,67.1
470999608.0,62.9
470999609.0,33.0
471019701.0,26.4
471019702.0,93.3
471039750.0,18.7
471039751.0,27.6
471039752.0,22.2
471039753.0,195.8
471039754.0,118.4
471039755.0,59.5
471039757.0,42.6
471099301.0,49.2
471099302.0,35.3
471099303.0,35.3
471099304.0,44.3
471099305.01,31.6
471099305.02,172.9
471099306.0,35.1
471099307.0,41.6
471119701.0,52.9
471119702.0,95.7
471119703.01,511.9
471119703.02,75.4
471119704.0,78.6
471130001.0,804.3
471130002.0,1427.7
471130003.0,1181.4
471130004.0,1962.9
471130005.0,2738.6
471130006.0,3376.9
471130007.0,2584.8
471130008.0,1064.6
471130009.0,2140.7
471130010.0,1739.5
471130011.0,622.8
471130013.0,249.8
471130014.01,69.2
471130014.02,101.0
471130015.01,352.7
471130015.02,53.9
471130016.03,1706.3
471130016.04,1402.4
471130016.05,889.9
471130016.07,754.6
471130016.08,144.8
471130016.09,61.1
471130016.1,747.8
471130016.11,718.7
471130016.12,2788.9
471130017.0,16.4
471130018.0,29.0
471130019.0,55.8
471150501.01,40.6
471150501.02,69.3
471150502.01,73.3
471150502.03,30.8
471150502.04,210.5
471150503.02,23.7
471179550.0,132.1
471179551.0,60.8
471179552.0,106.5
471179553.0,1877.1
471179554.0,1229.1
471179555.0,38.5
471190101.0,37.3
471190102.01,272.9
471190102.03,672.8
471190102.04,1966.7
471190102.05,151.7
471190103.01,278.1
471190103.02,88.7
471190104.01,1272.8
471190104.02,372.4
471190105.0,454.5
471190106.0,1797.9
471190107.0,2673.3
471190108.01,1211.7
471190108.02,554.0
471190109.0,41.9
471190110.01,73.4
471190110.03,64.3
471190110.04,220.1
471190111.01,295.2
471190111.02,157.1
471190112.0,64.0
471219602.0,80.6
471219603.0,66.1
471251001.0,3834.0
471251002.0,1973.7
471251003.0,1450.8
471251005.0,1884.7
471251006.01,955.2
471251006.02,2812.5
471251008.0,2369.2
471251009.0,957.0
471251010.01,2902.4
471251010.02,1509.6
471251011.01,3439.5
471251011.02,2074.4
471251011.03,548.6
471251012.01,2733.3
471251012.02,1742.6
471251013.04,3289.6
471251013.05,1297.7
471251013.06,2706.5
471251013.07,4011.4
471251013.08,4668.4
471251013.09,4393.9
471251014.0,1001.6
471251015.01,218.2
471251015.02,85.5
471251016.0,193.0
471251017.01,51.6
471251017.02,86.4
471251018.03,974.8
471251018.05,435.5
471251018.06,195.2
471251018.07,183.7
471251018.08,960.3
471251019.02,1050.6
471251019.04,202.8
471251019.05,1042.7
471251019.06,1347.7
471251020.01,1395.6
471251020.03,3147.1
471251020.04,2587.5
471251020.05,1780.9
471251020.07,1317.2
471251020.08,2089.9
471251020.09,3660.7
471251020.1,645.7
471251021.0,2334.6
471259801.0,5.4
471279301.0,56.7
471279302.0,46.1
471291101.0,23.2
471291102.0,25.0
471319650.0,75.7
471339501.0,22.4
471339502.0,35.8
471339503.01,152.3
471339503.02,70.3
471339504.0,41.3
471339505.01,106.7
471339505.02,79.0
471339506.0,26.8
471359301.0,22.3
471359302.01,34.1
471359302.02,14.2
471379251.01,35.6
471379251.02,25.8
471410001.0,67.6
471410002.01,371.3
471410002.02,249.4
471410003.01,234.9
471410003.03,889.5
471410003.04,2544.8
471410003.05,1128.0
471410004.0,1828.8
471410005.0,1428.3
471410006.0,1021.6
471410007.0,1253.4
471410008.0,3543.8
471410009.0,403.8
471410010.0,49.3
471410011.0,145.3
471410012.01,390.7
471410012.02,174.8
471410013.0,56.2
471439750.0,68.5
471439751.0,62.8
471439752.0,74.7
471439753.0,132.0
471439754.01,529.6
471439754.02,350.5
471470801.01,60.3
471470801.03,754.1
471470801.04,164.8
471470802.0,46.2
471470803.01,619.4
471470803.02,2130.5
471470804.01,1585.7
471470804.02,1399.9
471470805.0,139.9
471470806.03,151.6
471470806.04,327.6
471470806.05,352.9
471470806.06,471.5
471470807.01,65.3
471470807.02,136.5
471490401.01,837.6
471490401.02,1270.1
471490401.04,3189.8
471490401.05,2270.2
471490401.06,6357.9
471490401.07,5351.0
471490402.0,853.9
471490403.03,2504.9
471490403.04,2792.2
471490403.05,3821.8
471490403.07,1503.7
471490403.08,3371.3
471490403.09,1002.9
471490403.1,1950.5
471490403.11,3155.3
471490403.12,2252.9
471490404.04,1414.7
471490404.05,1425.6
471490405.01,327.3
471490405.02,117.3
471490406.0,61.6
471490407.02,160.3
471490407.03,809.6
471490407.04,184.8
471490408.06,711.6
471490408.07,551.6
471490408.08,482.3
471490408.09,149.1
471490408.1,74.1
471490408.11,983.5
471490408.12,1738.3
471490409.01,712.9
471490409.04,2779.5
471490409.06,4170.8
471490409.07,3315.9
471490409.08,5878.7
471490409.09,4605.4
471490409.1,2557.5
471490409.11,2518.0
471490410.0,518.8
471490411.02,196.1
471490411.03,1809.2
471490411.04,1004.5
471490412.01,817.1
471490412.02,540.1
471490413.01,2451.1
471490413.02,2085.5
471490414.01,2313.5
471490414.04,6146.3
471490414.05,8869.3
471490414.06,6086.7
471490414.07,3286.1
471490415.0,3698.8
471490416.01,4260.9
471490416.02,3195.0
471490417.0,2928.6
471490418.0,744.6
471490419.0,5474.6
471490420.0,2357.9
471490421.01,2605.4
471490421.02,3811.1
471490422.0,727.5
471490423.01,1319.0
471490423.02,1349.9
471530601.02,23.7
471530601.03,289.4
471530601.04,205.3
471530602.0,47.9
471599750.0,40.3
471599751.0,416.4
471599752.0,83.1
471599753.0,41.3
471599754.0,68.3
471611102.01,63.1
471611102.02,31.8
471611106.0,29.6
471611107.0,47.8
471619801.0,0.0
471619802.0,0.0
471650201.01,138.8
471650201.02,98.8
471650202.03,130.2
471650202.04,225.9
471650202.05,480.3
471650202.06,143.2
471650202.07,187.0
471650202.08,229.3
471650202.09,108.1
471650203.0,985.4
471650204.03,107.7
471650204.04,153.2
471650204.05,545.3
471650204.06,414.9
471650204.07,865.1
471650205.01,1273.7
471650205.02,570.6
471650205.03,151.9
471650206.01,82.6
471650206.02,104.8
471650206.03,145.6
471650207.0,1850.6
471650208.0,1855.8
471650209.01,149.1
471650209.03,1052.7
471650209.04,2037.8
471650209.05,2522.3
471650210.02,759.1
471650210.04,443.6
471650210.05,340.7
471650210.06,298.5
471650210.07,1497.0
471650210.08,1294.6
471650210.09,1852.7
471650211.03,2519.3
471650211.04,2513.4
471650211.05,2254.7
471650211.06,2015.8
471650211.07,3488.5
471650212.01,1901.6
471650212.03,1116.5
471650212.04,2605.4
471650212.05,1112.3
471690901.0,88.1
471690902.0,328.7
471759250.0,18.6
471759252.0,34.7
471779301.0,61.4
471779302.01,66.9
471779302.02,76.6
471779303.0,66.9
471779304.0,516.5
471779305.0,905.6
471779306.0,241.0
471779307.0,400.7
471779308.0,73.2
471779309.0,20.4
471819501.0,18.6
471819502.0,37.0
471819503.0,23.9
471819504.0,14.3
471839680.0,13.4
471839681.01,577.7
471839681.02,51.5
471839682.01,90.8
471839682.02,2320.1
471839682.03,855.2
471839683.0,43.1
471839684.0,56.9
471839685.0,43.7
471839686.0,43.2
471839687.0,16.4
471859350.0,30.5
471859351.0,75.4
471859352.0,72.3
471859353.0,210.2
471859354.0,342.2
471859355.0,87.1
471870501.02,1192.3
471870501.03,166.5
471870501.04,1403.1
471870501.05,1035.7
471870502.04,1561.4
471870502.05,1221.8
471870502.06,1266.2
471870502.07,1155.1
471870502.09,1306.4
471870502.1,1287.5
471870502.11,2232.5
471870502.12,830.0
471870503.03,1279.9
471870503.04,963.1
471870503.05,605.2
471870503.06,640.3
471870503.07,1500.2
471870504.03,374.7
471870504.04,635.0
471870504.05,218.1
471870504.06,584.3
471870505.02,57.9
471870505.03,193.1
471870505.04,946.3
471870506.01,796.5
471870506.03,2728.8
471870506.04,528.9
471870507.01,2841.8
471870507.02,980.8
471870508.01,4500.7
471870508.02,2456.7
471870509.04,2558.0
471870509.05,3454.9
471870509.06,2178.9
471870509.07,2896.6
471870509.08,1559.0
471870509.09,497.7
471870510.01,1372.3
471870510.02,630.3
471870511.0,120.0
471870512.03,42.7
471870512.04,393.3
471870512.05,1276.3
471870512.06,4173.8
471870512.07,5028.5
471870512.08,4677.1
471890301.02,96.2
471890301.03,205.9
471890301.04,193.9
471890301.05,572.2
471890302.02,634.7
471890302.03,631.1
471890302.05,241.1
471890302.06,503.7
471890302.07,261.9
471890303.03,888.0
471890303.04,1001.2
471890303.05,2090.0
471890303.08,2618.2
471890303.09,1128.8
471890303.1,1284.2
471890303.11,523.0
471890304.01,1394.8
471890304.02,1421.5
471890305.0,1907.7
471890306.0,2409.7
471890307.0,867.1
471890308.0,103.1
471890309.04,55.5
471890309.05,262.9
471890309.06,483.1
471890309.07,411.2
471890309.08,3195.2
471890310.0,47.6
